type_key,category,cat_name,icon,loc,exclusive,tier_index,tier_name,slots,pwr,pwr_give,price,dc,component_dur,rarity,legality,autonomy,note,spd_mod,dur_bonus,sys_bonus,soak_bonus,phys_def,energy_def,tech_def,spirit_def,awareness,sensor_range,comm_range,ecm,ammo_cap,drive_mode,drive_speed,weapon_type,weapon_size,needs_ammo,auto_aim,arms,str,fine_motor,skills_n,skill_rank
POWER_CELL,POWER,Power Cell,√¢¬ö¬°,core,False,0,Basic,1,0,10.0,500,1,3,COMMON,LEGAL,1 scene or 1 hour if half capacity,A micro universal and rechargeable power cell,,,,,,,,,,,,,,,,,,,,,,,,
POWER_CELL,POWER,Power Cell,√¢¬ö¬°,core,False,1,Standard,2,0,20.0,1500,2,4,COMMON,LEGAL,1 scene or 1 hour if half capacity,A standard universal and rechargeable power cell,,,,,,,,,,,,,,,,,,,,,,,,
POWER_CELL,POWER,Power Cell,√¢¬ö¬°,core,False,2,Advanced,3,0,30.0,4000,3,5,UNCOMMON,LEGAL,1 scene or 1 hour if half capacity,An advanced universal and rechargeable power cell,,,,,,,,,,,,,,,,,,,,,,,,
POWER_CELL,POWER,Power Cell,√¢¬ö¬°,core,False,3,Exotic,5,0,40.0,12000,5,6,RARE,RESTRICTED,1 scene or 1 hour if half capacity,An exotic cutting edge universal and rechargeable power cell,,,,,,,,,,,,,,,,,,,,,,,,
SOLAR_PANEL,POWER,Solar Panel,√¢¬ò¬Ä,ext,False,0,Basic,2,0,0.0,800,1,2,COMMON,LEGAL,Unlimited (daylight),Unlimited autonomy in daylight. Recharges Power Cells and Energy Banks in 10 hour. No output in darkness,,,,,,,,,,,,,,,,,,,,,,,,
SOLAR_PANEL,POWER,Solar Panel,√¢¬ò¬Ä,ext,False,1,Standard,3,0,0.0,2500,2,2,UNCOMMON,LEGAL,Unlimited (daylight),Unlimited autonomy in daylight. Recharges Power Cells and Energy Banks in 1 hour. No output in darkness,,,,,,,,,,,,,,,,,,,,,,,,
SOLAR_PANEL,POWER,Solar Panel,√¢¬ò¬Ä,ext,False,2,Advanced,4,0,0.0,8000,3,3,RARE,LEGAL,Unlimited (daylight),Unlimited autonomy in daylight. Recharges Power Cells and Energy Banks in 5 minutes. No output in darkness,,,,,,,,,,,,,,,,,,,,,,,,
ENERGY_BANK,POWER,Energy Bank,√∞¬ü¬î¬ã,core|int,False,0,Basic,1,0,3.0,600,1,3,COMMON,LEGAL,5 min (1scene),Extends Power Cell output ‚Äî¬Ä¬î rechargeable via Solar Panel or dock station,,,,,,,,,,,,,,,,,,,,,,,,
ENERGY_BANK,POWER,Energy Bank,√∞¬ü¬î¬ã,core|int,False,1,Standard,2,0,6.0,2000,2,4,UNCOMMON,LEGAL,1 hour,Extends Power Cell output ‚Äî¬Ä¬î rechargeable via Solar Panel or dock station,,,,,,,,,,,,,,,,,,,,,,,,
ENERGY_BANK,POWER,Energy Bank,√∞¬ü¬î¬ã,core|int,False,2,Advanced,3,0,12.0,7000,4,5,RARE,LEGAL,1 day,Extends Power Cell output ‚Äî¬Ä¬î rechargeable via Solar Panel or dock station,,,,,,,,,,,,,,,,,,,,,,,,
FUSION_CORE,POWER,Fusion Reactor,√¢¬ö¬õ,core,False,0,Basic,4,0,8.0,50000,5,6,RARE,REGISTERED,Unlimited,Low but constant output no fuel or recharge needed,,,,,,,,,,,,,,,,,,,,,,,,
FUSION_CORE,POWER,Fusion Reactor,√¢¬ö¬õ,core,False,1,Standard,6,0,16.0,100000,7,8,LIMITED,RESTRICTED,Unlimited,Low but constant output no fuel or recharge needed,,,,,,,,,,,,,,,,,,,,,,,,
FUSION_CORE,POWER,Fusion Reactor,√¢¬ö¬õ,core,False,2,Advanced,9,0,24.0,200000,9,10,UNIQUE,RESTRICTED,Unlimited,Low but constant output no fuel or recharge needed,,,,,,,,,,,,,,,,,,,,,,,,
CORONTHIA_REACTOR,POWER,Coronthia Reactor,√∞¬ü¬î¬•,core,False,0,Basic,5,0,40.0,25000,3,6,RARE,REGISTERED,1 scene per fuel unit,High-output Coronthia reactor requires Fuel Cell,,,,,,,,,,,,,,,,,,,,,,,,
CORONTHIA_REACTOR,POWER,Coronthia Reactor,√∞¬ü¬î¬•,core,False,1,Standard,8,0,65.0,50000,5,8,LIMITED,REGISTERED,1 scene per fuel unit,High-output Coronthia reactor requires Fuel Cell,,,,,,,,,,,,,,,,,,,,,,,,
CORONTHIA_REACTOR,POWER,Coronthia Reactor,√∞¬ü¬î¬•,core,False,2,Advanced,12,0,100.0,100000,7,10,UNIQUE,RESTRICTED,1 scene per fuel unit,High-output Coronthia reactor requires Fuel Cell,,,,,,,,,,,,,,,,,,,,,,,,
FUEL_CELL,POWER,Fuel Cell,√∞¬ü¬õ¬¢,core|int,False,0,Basic,1,0,,1000,2,4,COMMON,LEGAL,1 fuel unit,Required for Coronthia Reactor provides 1 unit of fuel capacity,,,,,,,,,,,,,,,,,,,,,,,,
FUEL_CELL,POWER,Fuel Cell,√∞¬ü¬õ¬¢,core|int,False,1,Standard,2,0,,3000,3,5,UNCOMMON,LEGAL,5 fuel units,Required for Coronthia Reactor provides 5 units of fuel capacity,,,,,,,,,,,,,,,,,,,,,,,,
FUEL_CELL,POWER,Fuel Cell,√∞¬ü¬õ¬¢,core|int,False,2,Advanced,3,0,,9000,4,6,RARE,LEGAL,10 fuel units,Required for Coronthia Reactor provides 10 units of fuel capacity,,,,,,,,,,,,,,,,,,,,,,,,
DRIVE_AQUATIC,PROPULSION,Aquatic Drive,√∞¬ü¬å¬ä,ext,False,0,Basic,2,2,,2000,2,4,COMMON,LEGAL,,"Waterproof propulsion system, swim speed 8. Operates in water environments.",,,,,,,,,,,,,,Swim,8.0,,,,,,,,,
DRIVE_AQUATIC,PROPULSION,Aquatic Drive,√∞¬ü¬å¬ä,ext,False,1,Standard,3,4,,6000,3,5,UNCOMMON,LEGAL,,"High-performance aquatic drive, swim speed 14. Suitable for rivers and open water.",,,,,,,,,,,,,,Swim,14.0,,,,,,,,,
DRIVE_AQUATIC,PROPULSION,Aquatic Drive,√∞¬ü¬å¬ä,ext,False,2,Advanced,4,5,,18000,5,6,RARE,RESTRICTED,,"Military-grade aquatic propulsion, swim speed 18. Depth rated to 2km.",,,,,,,,,,,,,,Swim,18.0,,,,,,,,,
DRIVE_CLIMBER,PROPULSION,Climbing Drive,√∞¬ü¬¶¬é,ext,False,0,Basic,2,2,,2500,2,4,COMMON,LEGAL,,"Adhesion drive for vertical and inverted movement, climb speed 8. Works on most surfaces.",,,,,,,,,,,,,,Climb,8.0,,,,,,,,,
DRIVE_CLIMBER,PROPULSION,Climbing Drive,√∞¬ü¬¶¬é,ext,False,1,Standard,3,3,,6000,3,5,UNCOMMON,LEGAL,,"Enhanced climbing drive, climb speed 12. Metal surfaces only.",,,,,,,,,,,,,,Climb,12.0,,,,,,,,,
DRIVE_CLIMBER,PROPULSION,Climbing Drive,√∞¬ü¬¶¬é,ext,False,2,Advanced,4,4,,15000,5,5,RARE,LEGAL,,"Advanced all-surface adhesion system, climb speed 16. Works on any surface including glass and stone.",,,,,,,,,,,,,,Climb,16.0,,,,,,,,,
DRIVE_TRACKED,PROPULSION,Tracked Drive,√∞¬ü¬ö¬ú,ext,False,0,Basic,2,2,,1500,2,5,COMMON,LEGAL,,"Rugged ground drive with caterpillar tracks, track speed 8. Reliable on rough terrain.",,,,,,,,,,,,,,Track,8.0,,,,,,,,,
DRIVE_TRACKED,PROPULSION,Tracked Drive,√∞¬ü¬ö¬ú,ext,False,1,Standard,3,3,,4000,3,7,UNCOMMON,LEGAL,,"Heavy-duty tracked propulsion, track speed 12. Handles mud, rubble and broken ground.",,,,,,,,,,,,,,Track,10.0,,,,,,,,,
DRIVE_TRACKED,PROPULSION,Tracked Drive,√∞¬ü¬ö¬ú,ext,False,2,Advanced,4,4,,10000,4,10,RARE,RESTRICTED,,"Reinforced tracked drive, track speed 10. Gains +3 Durability bonus from hardened treads and stabilizers.",,3.0,,,,,,,,,,,,Track,12.0,,,,,,,,,
DRIVE_HOVER,PROPULSION,Hover Drive,√∞¬ü¬í¬®,ext,False,0,Basic,3,4,,4000,2,4,COMMON,LEGAL,,"Antigravity hover drive, hovers at speed 12. Operates a few meters above the ground.",,,,,,,,,,,,,,Hover,12.0,,,,,,,,,
DRIVE_HOVER,PROPULSION,Hover Drive,√∞¬ü¬í¬®,ext,False,1,Standard,4,6,,10000,3,5,UNCOMMON,LEGAL,,"High-performance hover drive, speed 18. Smooth movement over any terrain.",,,,,,,,,,,,,,Hover,18.0,,,,,,,,,
DRIVE_HOVER,PROPULSION,Hover Drive,√∞¬ü¬í¬®,ext,False,2,Advanced,5,8,,30000,5,6,RARE,RESTRICTED,,"Military-grade hover drive, speed 24. Restricted due to propulsion signature.",,,,,,,,,,,,,,Hover,24.0,,,,,,,,,
DRIVE_FLYER,PROPULSION,Flight Drive,√∞¬ü¬¶¬Ö,ext,False,0,Basic,4,5,,8000,3,4,COMMON,LEGAL,,"Atmospheric flight drive, fly speed 20. Requires open airspace.",,,,,,,,,,,,,,Fly,20.0,,,,,,,,,
DRIVE_FLYER,PROPULSION,Flight Drive,√∞¬ü¬¶¬Ö,ext,False,1,Standard,5,8,,18000,4,5,UNCOMMON,LEGAL,,"High-performance flight drive, fly speed 30. Extended range and altitude capability.",,,,,,,,,,,,,,Fly,30.0,,,,,,,,,
DRIVE_FLYER,PROPULSION,Flight Drive,√∞¬ü¬¶¬Ö,ext,False,2,Advanced,6,12,,50000,6,6,RARE,RESTRICTED,,"Elite military-grade flight system, fly speed 40. Restricted for high-performance aerospace operations.",,,,,,,,,,,,,,Fly,40.0,,,,,,,,,
JUMP_JETS,PROPULSION,Jump Jets,√∞¬ü¬ö¬Ä,ext,False,0,Basic,2,3,,3000,3,3,UNCOMMON,LEGAL,,"Burst-leap propulsion for obstacle clearance, leap distance 8. 3 bursts before recharge.",,,,,,,,,,,,,,Leap,8.0,,,,,,,,,
JUMP_JETS,PROPULSION,Jump Jets,√∞¬ü¬ö¬Ä,ext,False,1,Standard,3,5,,8000,4,4,RARE,RESTRICTED,,"Enhanced jump jets, leap distance 15. 5 bursts before recharge.",,,,,,,,,,,,,,Leap,15.0,,,,,,,,,
JUMP_JETS,PROPULSION,Jump Jets,√∞¬ü¬ö¬Ä,ext,False,2,Advanced,4,8,,20000,6,5,LIMITED,CLASSIFIED,,"Advanced military jump system, leap distance 25. Unlimited short burst jumps. Classified system.",,,,,,,,,,,,,,Leap,25.0,,,,,,,,,
DRIVE_OVERHAUL,PROPULSION,Drive Overhaul,√¢¬ö¬ô,core|int,False,0,Basic,1,0,,1000,2,3,COMMON,LEGAL,,"Optimizes the primary drive for a modest performance boost, increasing speed by +1 with no durability impact.",1.0,,,,,,,,,,,,,,,,,,,,,,,
DRIVE_OVERHAUL,PROPULSION,Drive Overhaul,√¢¬ö¬ô,core|int,False,1,Standard,2,1,,4500,3,4,UNCOMMON,LEGAL,,"Enhanced drive components deliver +2 speed, but the added strain reduces durability by 2.",2.0,-2.0,,,,,,,,,,,,,,,,,,,,,,
DRIVE_OVERHAUL,PROPULSION,Drive Overhaul,√¢¬ö¬ô,core|int,False,2,Advanced,2,2,,13000,5,3,RARE,RESTRICTED,,"Aggressive tuning pushes the drive to +3 speed, at the cost of 4 durability.",3.0,-4.0,,,,,,,,,,,,,,,,,,,,,,
DRIVE_OVERHAUL,PROPULSION,Drive Overhaul,√¢¬ö¬ô,core|int,False,3,Exotic,5,4,,38000,7,2,LIMITED,CLASSIFIED,,"Maximizes drive output for a massive +5 speed increase. This extreme configuration is highly fragile, reducing durability by 8.",5.0,-8.0,,,,,,,,,,,,,,,,,,,,,,
WEIGHT_REDUCTION,PROPULSION,Weight Reduction,√¢¬¨¬á,ext|int,False,0,Basic,1,0,,2000,2,3,COMMON,LEGAL,,"Lightweight alloy replaces heavy elements. +1 speed, -3 durability.",1.0,-3.0,,,,,,,,,,,,,,,,,,,,,,
WEIGHT_REDUCTION,PROPULSION,Weight Reduction,√¢¬¨¬á,ext|int,False,1,Standard,1,0,,7000,4,3,UNCOMMON,LEGAL,,"Ultra-light carbon composite chassis. +2 speed, -5 durability.",2.0,-5.0,,,,,,,,,,,,,,,,,,,,,,
WEIGHT_REDUCTION,PROPULSION,Weight Reduction,√¢¬¨¬á,ext|int,False,2,Advanced,2,0,,18000,5,4,RARE,LEGAL,,"Aerodynamic shell ‚Äî¬Ä¬î cuts drag and mass. +3 speed, -7 durability.",3.0,-7.0,,,,,,,,,,,,,,,,,,,,,,
CARGO_HARDPOINT,PROPULSION,Cargo Hardpoint,√∞¬ü¬™¬ù,ext,False,0,Basic,2,0,,500,1,5,COMMON,LEGAL,,"External cargo hardpoint, -2 speed penalty. 6 SU (6 small / 2 large items).",-2.0,0.0,,,,,,,,,,,,,,,,,,,,,,
CARGO_HARDPOINT,PROPULSION,Cargo Hardpoint,√∞¬ü¬™¬ù,ext,False,1,Standard,3,0,,1500,2,6,COMMON,LEGAL,,"Large cargo hardpoint, -4 speed penalty. 20 SU (20 small / 6 large items).",-4.0,0.0,,,,,,,,,,,,,,,,,,,,,,
CARGO_HARDPOINT,PROPULSION,Cargo Hardpoint,√∞¬ü¬™¬ù,ext,False,2,Advanced,5,0,,5000,3,8,UNCOMMON,LEGAL,,"Heavy-duty reinforced cargo frame, -6 speed / +2 system. 60 SU (20 large / 60 small items), reinforced frame.",-6.0,2.0,,,,,,,,,,,,,,,,,,,,,,
SENSOR_OPTICAL,SENSING,Optical Sensor,√∞¬ü¬ë¬Å,core|int|ext,False,0,Basic,1,1,,500,1,2,COMMON,LEGAL,,"Basic optical camera array, awareness +1, sensor range 20m. Provides visual detection and identification.",,,,,,,,,1.0,20m,,,,,,,,,,,,,,
SENSOR_OPTICAL,SENSING,Optical Sensor,√∞¬ü¬ë¬Å,core|int|ext,False,1,Standard,2,2,,2000,2,3,UNCOMMON,LEGAL,,"High-definition optical sensor suite, awareness +2, sensor range 60m. Enhanced zoom and low-light capability.",,,,,,,,,2.0,60m,,,,,,,,,,,,,,
SENSOR_OPTICAL,SENSING,Optical Sensor,√∞¬ü¬ë¬Å,core|int|ext,False,2,Advanced,3,3,,8000,4,4,RARE,LEGAL,,"Advanced multi-spectrum optics, awareness +3, sensor range 200m. Includes thermal overlay and image enhancement.",,,,,,,,,3.0,200m,,,,,,,,,,,,,,
SENSOR_OPTICAL,SENSING,Optical Sensor,√∞¬ü¬ë¬Å,core|int|ext,False,3,Exotic,4,5,,25000,6,5,LIMITED,RESTRICTED,,"Cutting-edge exotic optical array, awareness +4, sensor range 500m. Full-spectrum analysis and target classification.",,,,,,,,,4.0,500m,,,,,,,,,,,,,,
SENSOR_THERMAL,SENSING,Thermal Sensor,√∞¬ü¬å¬°,core|int|ext,False,0,Basic,1,2,,800,1,2,COMMON,LEGAL,,"Basic heat-signature detector, awareness +1, sensor range 15m. Detects living beings and hot machinery.",,,,,,,,,1.0,15m,,,,,,,,,,,,,,
SENSOR_THERMAL,SENSING,Thermal Sensor,√∞¬ü¬å¬°,core|int|ext,False,1,Standard,2,3,,3000,3,3,UNCOMMON,LEGAL,,"Standard thermal imaging suite, awareness +2, sensor range 50m. Identifies heat signatures through light cover.",,,,,,,,,2.0,50m,,,,,,,,,,,,,,
SENSOR_THERMAL,SENSING,Thermal Sensor,√∞¬ü¬å¬°,core|int|ext,False,2,Advanced,3,4,,10000,4,4,RARE,LEGAL,,"Advanced thermal sensor, awareness +3, sensor range 150m. Detects residual heat traces and cloaked targets.",,,,,,,,,3.0,150m,,,,,,,,,,,,,,
SENSOR_CHEMICAL,SENSING,Chemical Sensor,√∞¬ü¬ß¬™,int|ext,False,0,Basic,1,1,,600,2,2,COMMON,LEGAL,,"Basic chemical detection array, awareness +1, sensor range 10m. Detects explosives, drugs, biologicals.",,,,,,,,,1.0,10m,,,,,,,,,,,,,,
SENSOR_CHEMICAL,SENSING,Chemical Sensor,√∞¬ü¬ß¬™,int|ext,False,1,Standard,2,2,,3000,3,3,UNCOMMON,RESTRICTED,,"Standard chemical analysis sensor, awareness +2, sensor range 30m. Full chemical analysis of detected substances.",,,,,,,,,2.0,30m,,,,,,,,,,,,,,
SENSOR_CHEMICAL,SENSING,Chemical Sensor,√∞¬ü¬ß¬™,int|ext,False,2,Advanced,2,3,,10000,5,3,RARE,ILLEGAL,,"Advanced restricted chemical sensor, awareness +3, sensor range 100m. Detects nerve agents and bioweapons. Illegal to operate without authorization.",,,,,,,,,3.0,100m,,,,,,,,,,,,,,
SENSOR_BIOMETRIC,SENSING,Biometric Sensor,√∞¬ü¬ß¬¨,int|ext,False,0,Basic,1,1,,1000,2,2,UNCOMMON,LEGAL,,"Basic biometric scanner, awareness +1, sensor range 10m. Reads biometrics and ID implants.",,,,,,,,,1.0,10m,,,,,,,,,,,,,,
SENSOR_BIOMETRIC,SENSING,Biometric Sensor,√∞¬ü¬ß¬¨,int|ext,False,1,Standard,2,3,,5000,3,3,RARE,RESTRICTED,,"Standard life-signs sensor, awareness +2, sensor range 10m. Full life-signs analysis including medical status.",,,,,,,,,2.0,20m,,,,,,,,,,,,,,
SENSOR_BIOMETRIC,SENSING,Biometric Sensor,√∞¬ü¬ß¬¨,int|ext,False,2,Advanced,3,4,,20000,6,3,LIMITED,CLASSIFIED,,"Classified biometric suite, awareness +3, sensor range 10m. Behavioral and emotional analysis.",,,,,,,,,3.0,10m,,,,,,,,,,,,,,
SENSOR_EM,SENSING,EM Sensor,√∞¬ü¬ì¬°,core|int|ext,False,0,Basic,2,2,,1200,2,3,COMMON,LEGAL,,"Basic electromagnetic detector, awareness +1, sensor range 10m or DATACOM. Detects powered devices and active electronics.",,,,,,,,,1.0,30m,,,,,,,,,,,,,,
SENSOR_EM,SENSING,EM Sensor,√∞¬ü¬ì¬°,core|int|ext,False,1,Standard,3,3,,4000,3,3,UNCOMMON,LEGAL,,"Standard EM intercept suite, awareness +2, sensor range 10m or DATACOM. Full spectrum radio intercept capability.",,,,,,,,,2.0,100m,,,,,,,,,,,,,,
SENSOR_EM,SENSING,EM Sensor,√∞¬ü¬ì¬°,core|int|ext,False,2,Advanced,4,5,,15000,5,4,RARE,RESTRICTED,,"Advanced military EM sensor, awareness +3, sensor range 10m or DATACOM. Comms intercept and decryption. Restricted use.",,,,,,,,,3.0,1km,,,,,,,,,,,,,,
SENSOR_TRACKING,SENSING,Tracking System,√∞¬ü¬é¬Ø,core|int|ext,False,0,Basic,2,2,,1500,2,3,COMMON,LEGAL,,"Basic tracking system, awareness +1, sensor range 50m. Locks on and follows a single designated target.",,,,,,,,,1.0,50m,,,,,,,,,,,,,,
SENSOR_TRACKING,SENSING,Tracking System,√∞¬ü¬é¬Ø,core|int|ext,False,1,Standard,3,4,,6000,4,4,UNCOMMON,LEGAL,,"Standard multi-target tracker, awareness +2, sensor range 150m. Tracks up to 20 targets simultaneously.",,,,,,,,,2.0,150m,,,,,,,,,,,,,,
SENSOR_TRACKING,SENSING,Tracking System,√∞¬ü¬é¬Ø,core|int|ext,False,2,Advanced,4,6,,20000,6,5,RARE,CLASSIFIED,,"Advanced networked tracking system, awareness +3, sensor range 500m. Network target sharing with allied units.",,,,,,,,,3.0,500m,,,,,,,,,,,,,,
ARMOR_COMBAT,DEFENSE,Combat Armor,√∞¬ü¬õ¬°,ext,True,0,Basic,2,0,,2000,2,6,COMMON,LEGAL,,"Basic drone combat plating. Soak 1D+2, low protection across all types, -1 speed. Better than nothing but not by much.",-1.0,,,1D+2,LOW,LOW,LOW,LOW,,,,,,,,,,,,,,,,
ARMOR_COMBAT,DEFENSE,Combat Armor,√∞¬ü¬õ¬°,ext,True,1,Standard,4,0,,5000,3,8,UNCOMMON,LEGAL,,"Standard combat armor, soak 3D+2. High physical / low energy defense, -2 speed.",-2.0,,,3D+2,MEDIUM,LOW,LOW,LOW,,,,,,,,,,,,,,,,
ARMOR_COMBAT,DEFENSE,Combat Armor,√∞¬ü¬õ¬°,ext,True,2,Advanced,8,0,,15000,5,10,RARE,RESTRICTED,,"Advanced reinforced combat plating, soak 5D+3. High physical, medium energy and tech defense, -4 speed.",-4.0,,,5D+3,HIGH,MEDIUM,MEDIUM,LOW,,,,,,,,,,,,,,,,
ARMOR_COMBAT,DEFENSE,Combat Armor,√∞¬ü¬õ¬°,ext,True,3,Exotic,12,0,,45000,7,14,LIMITED,CLASSIFIED,,"Exotic classified battle armor, soak 6D+4. High physical and energy / medium tech and spirit defense, -7 speed.",-7.0,,,6D+4,HIGH,HIGH,MEDIUM,MEDIUM,,,,,,,,,,,,,,,,
ARMOR_TECH,DEFENSE,Tech-Resist Armor,√∞¬ü¬î¬Æ,ext,True,0,Basic,2,1,,3000,3,5,UNCOMMON,LEGAL,,"Basic tech-resist plating, soak 0D+3. Low protection across all types. Hardened against electronic warfare.",0.0,,,0D+3,LOW,LOW,LOW,LOW,,,,,,,,,,,,,,,,
ARMOR_TECH,DEFENSE,Tech-Resist Armor,√∞¬ü¬î¬Æ,ext,True,1,Standard,4,2,,8000,4,7,RARE,RESTRICTED,,"Standard tech-resistant armor, soak 1D+4. Medium tech defense. -2 speed penalty.",-2.0,,,1D+4,LOW,LOW,MEDIUM,LOW,,,,,,,,,,,,,,,,
ARMOR_TECH,DEFENSE,Tech-Resist Armor,√∞¬ü¬î¬Æ,ext,True,2,Advanced,8,3,,25000,6,10,LIMITED,CLASSIFIED,,"Advanced tech-resist shell, soak 3D+3. High tech / medium physical and energy defense, -4 speed.",-4.0,,,3D+3,MEDIUM,MEDIUM,HIGH,LOW,,,,,,,,,,,,,,,,
ARMOR_SPIRIT,DEFENSE,Spiritual Shielding,√¢¬ú¬®,ext,True,0,Basic,2,2,,5000,4,4,RARE,LEGAL,,"Basic spiritual shielding, soak 1D. Low protection against all types. Rare and legally available.",0.0,,,1D,LOW,LOW,LOW,LOW,,,,,,,,,,,,,,,,
ARMOR_SPIRIT,DEFENSE,Spiritual Shielding,√¢¬ú¬®,ext,True,1,Standard,4,3,,15000,6,6,LIMITED,RESTRICTED,,"Standard spirit-resist plating, soak 1D+2. Medium spirit defense, -2 speed.",-2.0,,,1D+2,LOW,LOW,LOW,MEDIUM,,,,,,,,,,,,,,,,
ARMOR_SPIRIT,DEFENSE,Spiritual Shielding,√¢¬ú¬®,ext,True,2,Advanced,9,5,,50000,8,8,UNIQUE,CLASSIFIED,,"Advanced spiritual armor, soak 2D+2. High spirit / medium physical, energy and tech defense, -4 speed. Unique and classified.",-4.0,,,2D+2,MEDIUM,MEDIUM,MEDIUM,HIGH,,,,,,,,,,,,,,,,
SHIELD_ENERGY,DEFENSE,Forcefield,√∞¬ü¬í¬Ý,ext,True,0,Basic,3,4,,5000,4,4,UNCOMMON,LEGAL,,"Energy shield projector. Absorbs 1 hit 6 dmg, recharge 1 round. Low defenses.",,,,0D+6,LOW,LOW,LOW,LOW,,,,,,,,,,,,,,,,
SHIELD_ENERGY,DEFENSE,Forcefield,√∞¬ü¬í¬Ý,ext,True,1,Standard,4,7,,15000,5,5,RARE,RESTRICTED,,"Standard forcefield emitter. Absorbs 1 hit 8 dmg, recharge 1 round. Medium defenses.",,,,0D+8,MEDIUM,MEDIUM,MEDIUM,MEDIUM,,,,,,,,,,,,,,,,
SHIELD_ENERGY,DEFENSE,Forcefield,√∞¬ü¬í¬Ý,ext,True,2,Advanced,9,12,,45000,7,6,LIMITED,CLASSIFIED,,"Heavy-duty forcefield system. Absorbs 1 hit 10 dmg, recharge 1 round. High defenses.",,,,0D+10,HIGH,HIGH,HIGH,HIGH,,,,,,,,,,,,,,,,
REACTIVE_ARMOR,DEFENSE,Energy Armor,√∞¬ü¬í¬•,ext,False,0,ERA Panels,2,0,,3000,3,4,UNCOMMON,RESTRICTED,,"ERA panel array, soak 1D physical. Single-use blast absorption per panel. -1 speed.",-1.0,,,1D,LOW,NONE,NONE,NONE,,,,,,,,,,,,,,,,
REACTIVE_ARMOR,DEFENSE,Energy Armor,√∞¬ü¬í¬•,ext,False,1,NERA Array,6,1,,10000,4,5,RARE,CLASSIFIED,,"NERA active counter-blast system, soak 1D+2 physical / medium physical. Triggers counter-explosions against incoming rounds. -2 speed.",-2.0,,,1D+2,MEDIUM,LOW,NONE,NONE,,,,,,,,,,,,,,,,
REACTIVE_ARMOR,DEFENSE,Energy Armor,√∞¬ü¬í¬•,ext,False,2,Trophy System,8,3,,30000,6,6,LIMITED,CLASSIFIED,,"Trophy active protection system, soak 2D+2 physical / high physical and medium energy. Intercepts incoming projectiles before impact. -3 speed. Classified.",-3.0,,,2D+2,HIGH,MEDIUM,NONE,NONE,,,,,,,,,,,,,,,,
HULL_REINFORCE,DEFENSE,Hull Reinforcement,√∞¬ü¬î¬©,ext,False,0,Basic,2,0,,1500,2,3,COMMON,LEGAL,,Sacrificial outer plates. +3 durability. -1 speed.,-1.0,3.0,,,,,,,,,,,,,,,,,,,,,,
HULL_REINFORCE,DEFENSE,Hull Reinforcement,√∞¬ü¬î¬©,ext,False,1,Standard,3,0,,5000,3,4,UNCOMMON,LEGAL,,"Standard composite hull reinforcement, +6 durability. Layered composite hull reinforcement. -2 speed.",-2.0,6.0,,,,,,,,,,,,,,,,,,,,,,
HULL_REINFORCE,DEFENSE,Hull Reinforcement,√∞¬ü¬î¬©,ext,False,2,Advanced,7,0,,14000,5,5,RARE,LEGAL,,"Advanced molecular-weave hull, +9 durability. Ultra-dense shell resists structural damage. -3 speed.",-3.0,9.0,,,,,,,,,,,,,,,,,,,,,,
HULL_REINFORCE,DEFENSE,Hull Reinforcement,√∞¬ü¬î¬©,ext,False,3,Exotic,10,2,,40000,7,6,LIMITED,CLASSIFIED,,"Exotic self-sealing nanomaterial hull, +12 durability. -2 speed. Classified.",-2.0,12.0,,,,,,,,,,,,,,,,,,,,,,
REPAIR_SYS,DEFENSE,Auto-Repair System,√∞¬ü¬©¬∫,core|int,False,0,Basic,1,1,,1200,2,3,COMMON,LEGAL,,"Basic self-repair nanites. Restores 1 Durability per round, fully repairs post-combat.",,,0.0,,,,,,,,,,,,,,,,,,,,,
REPAIR_SYS,DEFENSE,Auto-Repair System,√∞¬ü¬©¬∫,core|int,False,1,Standard,2,2,,4500,4,4,UNCOMMON,LEGAL,,"Standard repair system, +1 sys bonus. Restores 2 Durability per round, fully repairs post-combat.",,,1.0,,,,,,,,,,,,,,,,,,,,,
REPAIR_SYS,DEFENSE,Auto-Repair System,√∞¬ü¬©¬∫,core|int,False,2,Advanced,3,4,,15000,6,5,RARE,LEGAL,,"Advanced repair system, +2 sys bonus. Restores 3 Durability per round, fully repairs post-combat.",,,2.0,,,,,,,,,,,,,,,,,,,,,
WEAPON_MOUNT,WEAPONS,Weapon Mount,√∞¬ü¬î¬´,ext|int,False,0,Lt. Energy Mount,2,3,,1500,2,5,COMMON,LEGAL,,Light energy weapon hardpoint. Fits small energy weapons. No ammo storage required.,,,,,,,,,,,,,,,,ENERGY,Small,False,,,,,,
WEAPON_MOUNT,WEAPONS,Weapon Mount,√∞¬ü¬î¬´,ext|int,False,1,Lt. Kinetic Mount,2,1,,1200,2,6,COMMON,LEGAL,,Light ammo weapon hardpoint. Fits small ammo based  weapons. Requires ammo.,,,,,,,,,,,,,,,,KINETIC,Small,True,,,,,,
WEAPON_MOUNT,WEAPONS,Weapon Mount,√∞¬ü¬î¬´,ext|int,False,2,Md. Energy Mount,3,5,,4000,3,5,UNCOMMON,RESTRICTED,,Medium energy weapon hardpoint. Fits medium energy weapons. Restricted installation.,,,,,,,,,,,,,,,,ENERGY,Medium,False,,,,,,
WEAPON_MOUNT,WEAPONS,Weapon Mount,√∞¬ü¬î¬´,ext|int,False,3,Md. Kinetic Mount,3,2,,3500,3,7,UNCOMMON,RESTRICTED,,Medium ammo weapon hardpoint. Fits medium ammo based weapons. Requires ammo. Restricted.,,,,,,,,,,,,,,,,KINETIC,Medium,True,,,,,,
WEAPON_MOUNT,WEAPONS,Weapon Mount,√∞¬ü¬î¬´,ext|int,False,4,Hvy. Energy Mount,8,9,,12000,5,6,RARE,CLASSIFIED,,Heavy energy weapon platform. Fits large energy weapons. Classified military hardware.,,,,,,,,,,,,,,,,ENERGY,Large,False,,,,,,
WEAPON_MOUNT,WEAPONS,Weapon Mount,√∞¬ü¬î¬´,ext|int,False,5,Hvy. Kinetic Mount,8,3,,10000,5,8,RARE,CLASSIFIED,,Heavy ammo weapon platform. Fits large ammo based weapons. Requires ammo. Classified.,,,,,,,,,,,,,,,,KINETIC,Large,True,,,,,,
WEAPON_MOUNT,WEAPONS,Weapon Mount,√∞¬ü¬î¬´,ext|int,False,6,Auto-Turret,8,4,,20000,6,7,LIMITED,CLASSIFIED,,Auto-targeting dual kinetic turret. Fits medium kinetic weapons with integrated auto-aim. Dual-barrel auto-targeting. Classified.,,,,,,,,,,,,,,,,KINETIC,Medium,True,True,,,,,
AMMO_STORAGE,WEAPONS,Ammo Storage,√∞¬ü¬ì¬¶,int|ext,False,0,Basic Mag,1,0,,300,1,4,COMMON,LEGAL,,Basic magazine attachment. Holds 2 units of ammo for kinetic weapons.,,,,,,,,,,,,,2.0,,,,,,,,,,,
AMMO_STORAGE,WEAPONS,Ammo Storage,√∞¬ü¬ì¬¶,int|ext,False,1,Ammo Locker,2,0,,800,2,5,COMMON,LEGAL,,Standard ammo locker. Holds 5 units of ammo.,,,,,,,,,,,,,5.0,,,,,,,,,,,
AMMO_STORAGE,WEAPONS,Ammo Storage,√∞¬ü¬ì¬¶,int|ext,False,2,Hardened Mag,2,0,,2000,2,8,UNCOMMON,LEGAL,,Blast-resistant hardened magazine. Holds 5 units of ammo. Explosion-proof casing.,,,,,,,,,,,,,5.0,,,,,,,,,,,
AMMO_STORAGE,WEAPONS,Ammo Storage,√∞¬ü¬ì¬¶,int|ext,False,3,Expanded Bay,3,0,,2500,3,5,UNCOMMON,RESTRICTED,,Expanded ammo bay. Holds 10 units of ammo. Requires restricted permit.,,,,,,,,,,,,,10.0,,,,,,,,,,,
AMMO_STORAGE,WEAPONS,Ammo Storage,√∞¬ü¬ì¬¶,int|ext,False,4,Reloader Sys.,3,2,,8000,4,6,RARE,CLASSIFIED,,Auto-reloading ammo system. Holds 10 units. Auto-reloads between rounds. Classified.,,,,,,,,,,,,,10.0,,,,,,,,,,,
TARGETING_COMP,COMBAT_SUPPORT,Targeting Computer,√∞¬ü¬é¬Ø,core|int,False,0,Basic,2,2,,2000,2,3,COMMON,LEGAL,,Basic targeting computer. Eliminate medium range penalty to attacks.,,,,,,,,,,,,,,,,,,,,,,,,
TARGETING_COMP,COMBAT_SUPPORT,Targeting Computer,√∞¬ü¬é¬Ø,core|int,False,1,Standard,3,3,,6000,4,4,UNCOMMON,LEGAL,,Standard targeting system. Eliminate medium and long range penalty to attacks.,,,,,,,,,,,,,,,,,,,,,,,,
TARGETING_COMP,COMBAT_SUPPORT,Targeting Computer,√∞¬ü¬é¬Ø,core|int,False,2,Advanced,4,5,,18000,5,5,RARE,RESTRICTED,,Advanced target-lock system. Eliminate medium to long range and movement penalty to attacks.,,,,,,,,,,,,,,,,,,,,,,,,
TARGETING_COMP,COMBAT_SUPPORT,Targeting Computer,√∞¬ü¬é¬Ø,core|int,False,3,Exotic,8,7,,50000,7,6,LIMITED,CLASSIFIED,,Exotic combat AI. Eliminate any and all penalty to attacks.,,,,,,,,,,,,,,,,,,,,,,,,
ECM_SUITE,COMBAT_SUPPORT,ECM Suite,√∞¬ü¬ì¬ª,int|ext,False,0,Basic,2,3,,3000,3,3,UNCOMMON,RESTRICTED,,"Basic ECM suite, ECM rating 1. Disrupts enemy comms and sensors in vicinity.",,,,,,,,,,,,1.0,,,,,,,,,,,,
ECM_SUITE,COMBAT_SUPPORT,ECM Suite,√∞¬ü¬ì¬ª,int|ext,False,1,Standard,3,5,,9000,5,4,RARE,CLASSIFIED,,"Standard electronic warfare suite, ECM rating 2. Jams radar, comms and guidance systems.",,,,,,,,,,,,2.0,,,,,,,,,,,,
ECM_SUITE,COMBAT_SUPPORT,ECM Suite,√∞¬ü¬ì¬ª,int|ext,False,2,Advanced,7,8,,28000,7,5,LIMITED,CLASSIFIED,,"Advanced EM warfare platform, ECM rating 3. Active and passive EM warfare suite. Classified.",,,,,,,,,,,,3.0,,,,,,,,,,,,
STEALTH_SYSTEM,COMBAT_SUPPORT,Stealth System,√∞¬ü¬ë¬ª,int|ext,False,0,Stealth Coat,2,1,,15000,4,2,UNCOMMON,RESTRICTED,,"Stealth coating, radar absorbing. SMALL penalty to type I and II detection. Restricted.",,,,,,,,,,,,,,,,,,,,,,,,
STEALTH_SYSTEM,COMBAT_SUPPORT,Stealth System,√∞¬ü¬ë¬ª,int|ext,False,1,Adaptive Camo,3,3,,150000,5,3,RARE,CLASSIFIED,,Adaptive camouflage system. LARGE penalty to type I and II detection. Classified.,,,,,,,,,,,,,,,,,,,,,,,,
STEALTH_SYSTEM,COMBAT_SUPPORT,Stealth System,√∞¬ü¬ë¬ª,int|ext,False,2,Full Stealth,8,5,,300000,7,4,LIMITED,CLASSIFIED,,"Full stealth suite. LARGE penalty to type I, II and III detection. Classified.",,,,,,,,,,,,,,,,,,,,,,,,
ARM_GRIPPER,MANIPULATION,Gripper Arm,√∞¬ü¬¶¬æ,ext,False,0,Basic Gripper,2,2,,2000,2,5,COMMON,LEGAL,,¬ó Single gripper arm. MIGHT 4. No fine motor. Can perform MIGHT checks up to MIGHT 4.,,,,,,,,,,,,,,,,,,,,1.0,5.0,False,,
ARM_GRIPPER,MANIPULATION,Gripper Arm,√∞¬ü¬¶¬æ,ext,False,1,Dual Grippers,3,3,,5000,3,5,UNCOMMON,LEGAL,,¬ó Dual gripper arms. MIGHT 6. No fine motor. Can perform MIGHT checks up to MIGHT 6.,,,,,,,,,,,,,,,,,,,,2.0,6.0,False,,
ARM_GRIPPER,MANIPULATION,Gripper Arm,√∞¬ü¬¶¬æ,ext,False,2,Heavy Clamp,3,4,,10000,4,7,UNCOMMON,LEGAL,,¬ó Single industrial clamp. MIGHT 8. No fine motor. Can perform MIGHT checks up to MIGHT 8.,,,,,,,,,,,,,,,,,,,,1.0,14.0,False,,
ARM_GRIPPER,MANIPULATION,Gripper Arm,√∞¬ü¬¶¬æ,ext,False,3,Industrial Arm,9,6,,30000,5,8,RARE,RESTRICTED,,¬ó Dual industrial arms. MIGHT 10. No fine motor. Can perform MIGHT checks up to MIGHT 10. Restricted.,,,,,,,,,,,,,,,,,,,,2.0,18.0,False,,
ARM_PRECISION,MANIPULATION,Precision Arm,√¢¬ú¬ã,ext,False,0,Surgeon Limb,2,3,,4000,3,4,UNCOMMON,LEGAL,,Can perform any physical skill check at a SMALL penalty. Limited to Tiny and Small items if using items.,,,,,,,,,,,,,,,,,,,,1.0,4.0,True,,
ARM_PRECISION,MANIPULATION,Precision Arm,√¢¬ú¬ã,ext,False,1,Micro-Tools,3,4,,10000,4,4,RARE,LEGAL,,Can perform any physical skill check. Limited to Medium and smaller if using items.,,,,,,,,,,,,,,,,,,,,2.0,4.0,True,,
ARM_PRECISION,MANIPULATION,Precision Arm,√¢¬ú¬ã,ext,False,2,Nanotech Hand,4,5,,30000,6,3,LIMITED,RESTRICTED,,Can perform any physical skill check at a SMALL bonus. Limited to Large and smaller if using items.,,,,,,,,,,,,,,,,,,,,1.0,3.0,True,,
ARM_HEAVY,MANIPULATION,Heavy Arm,√∞¬ü¬í¬™,ext,False,0,Exo Strut,10,4,,6000,3,6,UNCOMMON,LEGAL,,¬ó Single heavy arm. Carry 200kg / Lift 1000kg / Push 2000kg. No fine motor. Restricted.,,,,,,,,,,,,,,,,,,,,1.0,12.0,False,,
ARM_HEAVY,MANIPULATION,Heavy Arm,√∞¬ü¬í¬™,ext,False,1,Combat Arm,20,6,,15000,5,8,RARE,RESTRICTED,,¬ó Dual heavy arms. Carry 500kg / Lift 2500kg / Push 5000kg. No fine motor. +2 durability. Restricted.,,2.0,,,,,,,,,,,,,,,,,,2.0,16.0,False,,
ARM_HEAVY,MANIPULATION,Heavy Arm,√∞¬ü¬í¬™,ext,False,2,Siege Limbs,30,9,,45000,7,10,LIMITED,CLASSIFIED,,¬ó Dual siege limbs. Carry 1500kg / Lift 7500kg / Push 15000kg. No fine motor. +4 durability. Can target structures and vehicles. Classified.,,4.0,,,,,,,,,,,,,,,,,,2.0,24.0,False,,
HACK_TERMINAL,HACKING,Hacking Terminal,√∞¬ü¬í¬ª,int|ext,False,0,Basic Interface,2,2,,2500,3,3,UNCOMMON,RESTRICTED,,"Basic: Enables DIRECT CONNECTION to adjacent devices, bypassing the EXTERNAL network layer remotely.",,,,,,,,,,,,,,,,,,,,,,,,
HACK_TERMINAL,HACKING,Hacking Terminal,√∞¬ü¬í¬ª,int|ext,False,1,ICE Breaker,3,3,,8000,5,4,RARE,ILLEGAL,,"ICE Breaker: DIRECT CONNECTION to adjacent devices, bypassing the EXTERNAL network layer. SMALL bonus to LOCK-ON and CYBER ATTACK. Illegal.",,,,,,,,,,,,,,,,,,,,,,,,
HACK_TERMINAL,HACKING,Hacking Terminal,√∞¬ü¬í¬ª,int|ext,False,2,Ghost Rig,4,5,,25000,7,4,LIMITED,ILLEGAL,,"Ghost Rig: DIRECT CONNECTION to adjacent devices, bypassing the EXTERNAL network layer. LARGE bonus to OBFUSCATE. Illegal.",,,,,,,,,,,,,,,,,,,,,,,,
DATA_CORE,HACKING,Data Core,√∞¬ü¬í¬æ,core|int,False,0,Storage Unit,1,1,,1000,2,3,COMMON,LEGAL,,"Storage Unit: Provides 1 MEMORY to the drone. When the operator is connected, adds to their DATACOM MEMORY capacity instead.",,,,,,,,,,,,,,,,,,,,,,,,
DATA_CORE,HACKING,Data Core,√∞¬ü¬í¬æ,core|int,False,1,Encrypted Core,2,2,,4000,3,4,UNCOMMON,RESTRICTED,,"Encrypted Core: Provides 3 MEMORY to the drone. When the operator is connected, adds to their DATACOM MEMORY capacity instead. HACKPROOF.",,,,,,,,,,,,,,,,,,,,,,,,
DATA_CORE,HACKING,Data Core,√∞¬ü¬í¬æ,core|int,False,2,Quantum Vault,3,3,,15000,5,5,RARE,CLASSIFIED,,"Quantum Vault: Provides 5 MEMORY to the drone. When the operator is connected, adds to their DATACOM MEMORY capacity instead. HACKPROOF. Classified.",,,,,,,,,,,,,,,,,,,,,,,,
TECH_SCANNER,HACKING,Tech Scanner,√∞¬ü¬î¬¨,int|ext,False,0,Device Scanner,1,1,,1500,2,2,COMMON,LEGAL,,Enables Technology checks through the drone. SMALL penalty to Technology checks. Identifies device types and serial numbers.,,,,,,,,,,,,,,,,,,,,,,,,
TECH_SCANNER,HACKING,Tech Scanner,√∞¬ü¬î¬¨,int|ext,False,1,Diagnostic Rig,2,2,,5000,3,3,UNCOMMON,LEGAL,,Enables Technology checks through the drone. No modifier to Technology checks. Full device analysis and diagnostics.,,,,,,,,,,,,,,,,,,,,,,,,
TECH_SCANNER,HACKING,Tech Scanner,√∞¬ü¬î¬¨,int|ext,False,2,Engineering Eye,3,3,,15000,5,4,RARE,RESTRICTED,,Enables Engineering checks through the drone. SMALL bonus to Engineering checks. Blueprint reconstruction from scan data.,,,,,,,,,,,,,,,,,,,,,,,,
COMM_ARRAY,COMMS,Comms Array,√∞¬ü¬ì¬ª,core|int|ext,False,0,Short Range,1,1,,500,1,2,COMMON,LEGAL,,"Short-range comms array. 500m range, ECM resistance 0. Basic voice and data link.",,,,,,,,,,,500m,0.0,,,,,,,,,,,,
COMM_ARRAY,COMMS,Comms Array,√∞¬ü¬ì¬ª,core|int|ext,False,1,Long Range,2,2,,2000,2,3,COMMON,LEGAL,,"Long-range comms array. 50km range, ECM resistance 0. Standard drone communication.",,,,,,,,,,,50km,0.0,,,,,,,,,,,,
COMM_ARRAY,COMMS,Comms Array,√∞¬ü¬ì¬ª,core|int|ext,False,2,Encrypted Link,2,3,,6000,3,3,UNCOMMON,LEGAL,,"Encrypted comms link. 50km range, ECM resistance 1. Secure transmission resistant to interception.",,,,,,,,,,,50km,1.0,,,,,,,,,,,,
COMM_ARRAY,COMMS,Comms Array,√∞¬ü¬ì¬ª,core|int|ext,False,3,Quantum Comm,3,5,,25000,5,4,RARE,RESTRICTED,,"Quantum-entangled comms unit. Unlimited range, ECM resistance 2. Undetectable and unjammable. Restricted.",,,,,,,,,,,Unlimited,2.0,,,,,,,,,,,,
COMM_JAMMER,COMMS,Comms Jammer,√∞¬ü¬ì¬µ,int|ext,False,0,Noise Generator,2,2,,2000,3,3,UNCOMMON,ILLEGAL,,"Noise-generating comms jammer, ECM 1. Disrupts comms in 30m radius. Illegal to operate.",,,,,,,,,,,,1.0,,,,,,,,,,,,
COMM_JAMMER,COMMS,Comms Jammer,√∞¬ü¬ì¬µ,int|ext,False,1,Spectrum Jammer,3,4,,6000,5,3,RARE,ILLEGAL,,"Full-spectrum jammer, ECM 2. Disrupts all radio frequencies in 100m radius. Illegal.",,,,,,,,,,,,2.0,,,,,,,,,,,,
COMM_JAMMER,COMMS,Comms Jammer,√∞¬ü¬ì¬µ,int|ext,False,2,Blackout System,4,7,,20000,7,4,LIMITED,CLASSIFIED,,"Total blackout system, ECM 3. Complete comms blackout in 500m radius. Classified.",,,,,,,,,,,,3.0,,,,,,,,,,,,
COMM_RELAY,COMMS,Comms Relay,√∞¬ü¬î¬Å,ext,False,0,Signal Booster,1,1,,800,1,2,COMMON,LEGAL,,Signal booster relay. Doubles the range of all friendly comms within network.,,,,,,,,,,,,,,,,,,,,,,,,
COMM_RELAY,COMMS,Comms Relay,√∞¬ü¬î¬Å,ext,False,1,Relay Node,2,2,,3000,2,3,UNCOMMON,LEGAL,,Multi-node relay hub. Serves as a communication relay point for the entire team.,,,,,,,,,,,,,,,,,,,,,,,,
COMM_RELAY,COMMS,Comms Relay,√∞¬ü¬î¬Å,ext,False,2,Network Core,3,3,,10000,3,4,RARE,RESTRICTED,,Tactical network core. Manages a coordinated comms network for up to 20 units. Restricted.,,,,,,,,,,,,,,,,,,,,,,,,
BROADCAST_UNIT,COMMS,Broadcast Unit,√∞¬ü¬ì¬¢,ext,False,0,Speaker Array,1,1,,600,1,2,COMMON,LEGAL,,Loudspeaker and audio broadcast array. Voice modulation and high-volume announcement.,,,,,,,,,,,,,,,,,,,,,,,,
BROADCAST_UNIT,COMMS,Broadcast Unit,√∞¬ü¬ì¬¢,ext,False,1,Psych Array,3,3,,8000,4,3,RARE,RESTRICTED,,Psychological broadcast array. Projects crowd-control frequencies causing disorientation. Restricted.,,,,,,,,,,,,,,,,,,,,,,,,
BROADCAST_UNIT,COMMS,Broadcast Unit,√∞¬ü¬ì¬¢,ext,False,2,Holo-Projector,3,4,,15000,5,4,LIMITED,RESTRICTED,,Holographic projector unit. Creates holographic displays for deception and communication. Restricted.,,,,,,,,,,,,,,,,,,,,,,,,
MED_SYSTEM,MEDICAL,Medical System,√∞¬ü¬í¬ä,core|int,False,0,First Aid Unit,2,1,,2000,2,3,COMMON,LEGAL,,Enables Medicine checks through the drone. SMALL penalty to Medicine checks. Field stabilisation of injured personnel.,,,,,,,,,,,,,,,,,,,,,,,,
MED_SYSTEM,MEDICAL,Medical System,√∞¬ü¬í¬ä,core|int,False,1,Medic Bay,3,3,,8000,4,4,UNCOMMON,LEGAL,,Enables Medicine checks through the drone. No modifier to Medicine checks. Capable of performing surgical procedures.,,,,,,,,,,,,,,,,,,,,,,,,
MED_SYSTEM,MEDICAL,Medical System,√∞¬ü¬í¬ä,core|int,False,2,Nano Medic,4,5,,25000,6,5,RARE,RESTRICTED,,Enables Medicine checks through the drone. SMALL bonus to Medicine checks. Restricted.,,,,,,,,,,,,,,,,,,,,,,,,
TRAUMA_BAY,MEDICAL,Trauma Bay,√∞¬ü¬è¬•,int,False,0,Stabiliser Pod,2,2,,4000,3,4,UNCOMMON,LEGAL,,Stabilisation pod for critical patients. Keeps 1 critically injured patient stable during transport.,,,,,,,,,,,,,,,,,,,,,,,,
TRAUMA_BAY,MEDICAL,Trauma Bay,√∞¬ü¬è¬•,int,False,1,Surgery Station,4,4,,15000,5,5,RARE,LEGAL,,Full surgical station. Equipped for complex surgery on 1 patient.,,,,,,,,,,,,,,,,,,,,,,,,
TRAUMA_BAY,MEDICAL,Trauma Bay,√∞¬ü¬è¬•,int,False,2,Cryo-Med,5,6,,40000,6,6,LIMITED,RESTRICTED,,Cryogenic medical unit. Cryogenic preservation and controlled revival for fatally injured personnel. Restricted.,,,,,,,,,,,,,,,,,,,,,,,,
REPAIR_ARM,ENGINEERING,Repair Arm,√∞¬ü¬î¬ß,ext,False,0,Tool Arm,2,2,,2000,2,4,COMMON,LEGAL,,¬ó Enables Repair checks through the drone on external targets. SMALL penalty to Repair checks.,,,,,,,,,,,,,,,,,,,,,,,,
REPAIR_ARM,ENGINEERING,Repair Arm,√∞¬ü¬î¬ß,ext,False,1,Welder Arm,3,3,,5000,3,5,UNCOMMON,LEGAL,,¬ó Enables Repair checks through the drone on external targets. No modifier to Repair checks. Handles structural and electronic repairs.,,,,,,,,,,,,,,,,,,,,,,,,
REPAIR_ARM,ENGINEERING,Repair Arm,√∞¬ü¬î¬ß,ext,False,2,Nano-Repair,4,5,,18000,5,5,RARE,LEGAL,,¬ó Enables Repair checks through the drone on external targets. SMALL bonus to Repair checks. Expends NANITES for precision repairs.,,,,,,,,,,,,,,,,,,,,,,,,
FABRICATOR,ENGINEERING,Fabricator,√¢¬ö¬ô,int,False,0,Print Unit,3,3,,5000,4,4,UNCOMMON,LEGAL,,¬ó Enables Craft checks through the drone. SMALL penalty to Craft checks. Prints small objects from raw materials.,,,,,,,,,,,,,,,,,,,,,,,,
FABRICATOR,ENGINEERING,Fabricator,√¢¬ö¬ô,int,False,1,Micro-Factory,5,5,,20000,6,5,RARE,RESTRICTED,,¬ó Enables Craft checks through the drone. No modifier to Craft checks. Prints complex components and drone parts. Restricted.,,,,,,,,,,,,,,,,,,,,,,,,
FABRICATOR,ENGINEERING,Fabricator,√¢¬ö¬ô,int,False,2,Mol. Assembler,6,8,,60000,8,6,LIMITED,CLASSIFIED,,¬ó Enables Craft checks through the drone. SMALL bonus to Craft checks. Constructs objects at the molecular level. Classified.,,,,,,,,,,,,,,,,,,,,,,,,
NANITE_SYS,ENGINEERING,Nanite Storage,√∞¬ü¬¶¬Ý,core|int,False,0,Basic Tank,1,1,,1500,2,3,COMMON,LEGAL,,"Stores 1 NANITE for onboard systems. When operator is connected, adds to their NANITE pool instead.",,,,,,,,,,,,,,,,,,,,,,,,
NANITE_SYS,ENGINEERING,Nanite Storage,√∞¬ü¬¶¬Ý,core|int,False,1,Standard Tank,2,1,,5000,3,4,UNCOMMON,LEGAL,,"Stores 3 NANITES for onboard systems. When operator is connected, adds to their NANITE pool instead.",,,,,,,,,,,,,,,,,,,,,,,,
NANITE_SYS,ENGINEERING,Nanite Storage,√∞¬ü¬¶¬Ý,core|int,False,2,Advanced Tank,3,2,,15000,4,5,RARE,LEGAL,,"Stores 5 NANITES for onboard systems. When operator is connected, adds to their NANITE pool instead.",,,,,,,,,,,,,,,,,,,,,,,,
STORAGE_BAY,UTILITY,Storage Bay,√∞¬ü¬ì¬¶,int|ext,False,0,Small Hold,2,0,,800,1,4,COMMON,LEGAL,,Small internal cargo hold. 5 SU capacity (5 small / 1 large item).,,,,,,,,,,,,,,,,,,,,,,,,
STORAGE_BAY,UTILITY,Storage Bay,√∞¬ü¬ì¬¶,int|ext,False,1,Cargo Bay,3,0,,2000,2,5,COMMON,LEGAL,,Standard cargo bay. 20 SU capacity (20 small / 6 large items).,,,,,,,,,,,,,,,,,,,,,,,,
STORAGE_BAY,UTILITY,Storage Bay,√∞¬ü¬ì¬¶,int|ext,False,2,Secure Vault,3,1,,6000,3,7,UNCOMMON,LEGAL,,"Locked and encrypted secure vault. 10 SU capacity, tamper-proof and digitally secured.",,,,,,,,,,,,,,,,,,,,,,,,
STORAGE_BAY,UTILITY,Storage Bay,√∞¬ü¬ì¬¶,int|ext,False,3,Cold Storage,4,2,,10000,3,5,UNCOMMON,RESTRICTED,,Temperature-controlled cold storage. 18 SU bio-safe capacity for biological samples and perishables. Restricted.,,,,,,,,,,,,,,,,,,,,,,,,
SURVEY_KIT,UTILITY,Survey Kit,√∞¬ü¬ó¬∫,int|ext,False,0,Mapping Unit,2,2,,2000,2,3,COMMON,LEGAL,,¬ó Enables Navigation checks through the drone. SMALL penalty to Navigation checks. Creates detailed terrain maps.,,,,,,,,,,,,,,,,,,,,,,,,
SURVEY_KIT,UTILITY,Survey Kit,√∞¬ü¬ó¬∫,int|ext,False,1,Geo-Scanner,3,3,,6000,3,3,UNCOMMON,LEGAL,,¬ó Enables Science checks through the drone. No modifier to Science checks. Mineral and structural analysis.,,,,,,,,,,,,,,,,,,,,,,,,
SURVEY_KIT,UTILITY,Survey Kit,√∞¬ü¬ó¬∫,int|ext,False,2,Full Survey Rig,4,4,,15000,5,4,RARE,LEGAL,,¬ó Enables Navigation and Science checks through the drone. SMALL bonus to Navigation and Science checks. Complete environmental survey capability.,,,,,,,,,,,,,,,,,,,,,,,,
RECORDER_SYS,UTILITY,Recorder System,√∞¬ü¬é¬•,int|ext,False,0,Cam Unit,1,1,,500,1,2,COMMON,LEGAL,,360-degree camera and microphone array. Continuous video and audio recording.,,,,,,,,,,,,,,,,,,,,,,,,
RECORDER_SYS,UTILITY,Recorder System,√∞¬ü¬é¬•,int|ext,False,1,Witness Array,2,2,,2000,2,3,UNCOMMON,LEGAL,,"Tamper-proof evidence recorder. Legally admissible, tamper-proof evidence recording.",,,,,,,,,,,,,,,,,,,,,,,,
RECORDER_SYS,UTILITY,Recorder System,√∞¬ü¬é¬•,int|ext,False,2,Covert Rec.,2,2,,8000,4,2,RARE,ILLEGAL,,Covert surveillance recorder. Undetectable recording for intelligence operations. Illegal.,,,,,,,,,,,,,,,,,,,,,,,,
RESCUE_KIT,UTILITY,Rescue Kit,√∞¬ü¬Ü¬ò,int|ext,False,0,Basic Rescue,2,1,,1500,2,4,COMMON,LEGAL,,¬ó Enables Survival checks through the drone. SMALL penalty to Survival checks. Extraction tools and emergency beacon.,,,,,,,,,,,,,,,,,,,,,,,,
RESCUE_KIT,UTILITY,Rescue Kit,√∞¬ü¬Ü¬ò,int|ext,False,1,SAR Package,3,2,,5000,3,4,UNCOMMON,LEGAL,,"¬ó Enables Survival checks through the drone. No modifier to Survival checks. Includes stretcher, fire suppression and signal flares.",,,,,,,,,,,,,,,,,,,,,,,,
RESCUE_KIT,UTILITY,Rescue Kit,√∞¬ü¬Ü¬ò,int|ext,False,2,CSAR System,4,3,,15000,4,5,RARE,RESTRICTED,,¬ó Enables Survival checks through the drone. SMALL bonus to Survival checks. Combat extraction and structural breaching tools. Restricted.,,,,,,,,,,,,,,,,,,,,,,,,
EXPLOSIVE_UNIT,UTILITY,Explosive Unit,√∞¬ü¬í¬£,ext,False,0,Demo Charge,1,0,,1000,2,2,UNCOMMON,ILLEGAL,,Single demolition charge. Single-use shaped explosive for structural breaching. Illegal.,,,,,,,,,,,,,,,,,,,,,,,,
EXPLOSIVE_UNIT,UTILITY,Explosive Unit,√∞¬ü¬í¬£,ext,False,1,Mine Layer,2,1,,4000,3,3,RARE,ILLEGAL,,Anti-personnel mine deployer. Deploys 3 proximity-triggered mines. Illegal.,,,,,,,,,,,,,,,,,,,,,,,,
EXPLOSIVE_UNIT,UTILITY,Explosive Unit,√∞¬ü¬í¬£,ext,False,2,Grenade Rack,2,1,,5000,3,3,RARE,ILLEGAL,,Grenade launcher rack. Stores and launches 5 grenades. Illegal.,,,,,,,,,,,,,,,,,,,,,,,,
EXPLOSIVE_UNIT,UTILITY,Explosive Unit,√∞¬ü¬í¬£,ext,False,3,MIRV System,9,2,,25000,7,4,LIMITED,CLASSIFIED,,MIRV warhead system. Multiple independently targeted warheads for area denial. Classified.,,,,,,,,,,,,,,,,,,,,,,,,
ENV_SYSTEM,UTILITY,Environment System,√∞¬ü¬å¬¨,int,False,0,Temp Control,2,2,,2000,2,3,COMMON,LEGAL,,Thermal regulation unit. Operates in extreme temperatures from -50 to +150¬∞C.,,,,,,,,,,,,,,,,,,,,,,,,
ENV_SYSTEM,UTILITY,Environment System,√∞¬ü¬å¬¨,int,False,1,Radiation Shld,2,2,,4000,3,4,UNCOMMON,LEGAL,,Radiation and vacuum shielding. Rated for radiation zones and hard vacuum.,,,,,,,,,,,,,,,,,,,,,,,,
ENV_SYSTEM,UTILITY,Environment System,√∞¬ü¬å¬¨,int,False,2,Extreme Env.,3,3,,12000,4,5,RARE,LEGAL,,"Extreme environment shell. Rated for corrosive atmospheres, high pressure and extreme temperatures.",,,,,,,,,,,,,,,,,,,,,,,,
NEURAL_PROC,PROCESSING,Neural Processor,√∞¬ü¬ñ¬•,core|int,False,0,Co-Processor,1,1,,1500,2,3,COMMON,LEGAL,,Dedicated co-processing unit. +2 system bonus for all computational tasks.,,,2.0,,,,,,,,,,,,,,,,,,,,,
NEURAL_PROC,PROCESSING,Neural Processor,√∞¬ü¬ñ¬•,core|int,False,1,Neural Matrix,2,2,,6000,3,4,UNCOMMON,LEGAL,,"Neural-network accelerator. +4 system bonus, parallel processing architecture.",,,4.0,,,,,,,,,,,,,,,,,,,,,
NEURAL_PROC,PROCESSING,Neural Processor,√∞¬ü¬ñ¬•,core|int,False,2,Quantum Proc.,3,4,,20000,5,5,RARE,RESTRICTED,,"Quantum processing array. +7 system bonus, quantum-coherent computation. Restricted.",,,7.0,,,,,,,,,,,,,,,,,,,,,
NEURAL_PROC,PROCESSING,Neural Processor,√∞¬ü¬ñ¬•,core|int,False,3,Singularity Core,7,7,,70000,8,6,UNIQUE,CLASSIFIED,,"Singularity processing core. +12 system bonus, recursive self-optimizing matrix. Unique, classified.",,,12.0,,,,,,,,,,,,,,,,,,,,,
SKILL_MODULE,AI,Skill Module,√∞¬ü¬ß¬Ý,core|int,False,0,Basic AI,2,3,,25000,3,3,UNCOMMON,LEGAL,,Basic AI skill module. Grants 1 skill at rank 3. Provides autonomous decision-making in assigned domain.,,,1.0,,,,,,,,,,,,,,,,,,,,1.0,3.0
SKILL_MODULE,AI,Skill Module,√∞¬ü¬ß¬Ý,core|int,False,1,Standard AI,3,5,,50000,5,4,RARE,LEGAL,,Standard AI module. Grants 1 skill at rank 4 with +2 system bonus. Expanded operational autonomy.,,,2.0,,,,,,,,,,,,,,,,,,,,1.0,4.0
SKILL_MODULE,AI,Skill Module,√∞¬ü¬ß¬Ý,core|int,False,2,Advanced AI,4,8,,100000,6,5,LIMITED,RESTRICTED,,Advanced AI package. Grants 1 skill at rank 6 with +3 system bonus. Near-expert autonomous operation. Restricted.,,,3.0,,,,,,,,,,,,,,,,,,,,1.0,6.0
SKILL_MODULE,AI,Skill Module,√∞¬ü¬ß¬Ý,core|int,False,3,Tactical AI,5,12,,200000,8,6,UNIQUE,CLASSIFIED,,Tactical AI core. Grants 1 skill at rank 7 with +4 system bonus. Full combat-capable autonomous AI. Classified.,,,4.0,,,,,,,,,,,,,,,,,,,,1.0,7.0
