id,type,name,ship_class,quality,unit_size,pwr_draw,price,speed,handling,warfare,pwr_create,system,fuel_cons,shield_max,shield_recharge,ecm,structure,command,instruments,combat_range,detect_range,max_range,jump_range,pwr_activation,engineering,life_ppl,life_hrs,fuel_units,energy_storage,crew_max,crew_min_reduction,passengers,cargo
ENGINEBALANCED_1-DRONE_1-BASIC,ENGINEBALANCED,Balanced Engine,DRONE,BASIC,5,4,80000,LOW,1,,,,,,,,,,,,,,,,,,,,,,,,
ENGINEBALANCED_1-DRONE_2-AVERAGE,ENGINEBALANCED,Balanced Engine,DRONE,AVERAGE,5,4,80000,MEDIUM,2,,,,,,,,,,,,,,,,,,,,,,,,
ENGINEBALANCED_1-DRONE_3-GOOD,ENGINEBALANCED,Balanced Engine,DRONE,GOOD,5,4,80000,HIGH,3,,,,,,,,,,,,,,,,,,,,,,,,
ENGINEBALANCED_2-FIGHTER_1-BASIC,ENGINEBALANCED,Balanced Engine,FIGHTER,BASIC,8,6,160000,LOW,1,,,,,,,,,,,,,,,,,,,,,,,,
ENGINEBALANCED_2-FIGHTER_2-AVERAGE,ENGINEBALANCED,Balanced Engine,FIGHTER,AVERAGE,8,6,160000,MEDIUM,2,,,,,,,,,,,,,,,,,,,,,,,,
ENGINEBALANCED_2-FIGHTER_3-GOOD,ENGINEBALANCED,Balanced Engine,FIGHTER,GOOD,8,6,160000,HIGH,3,,,,,,,,,,,,,,,,,,,,,,,,
ENGINEBALANCED_3-CORVETTE_1-BASIC,ENGINEBALANCED,Balanced Engine,CORVETTE,BASIC,13,10,380000,LOW,1,,,,,,,,,,,,,,,,,,,,,,,,
ENGINEBALANCED_3-CORVETTE_2-AVERAGE,ENGINEBALANCED,Balanced Engine,CORVETTE,AVERAGE,13,10,380000,MEDIUM,2,,,,,,,,,,,,,,,,,,,,,,,,
ENGINEBALANCED_3-CORVETTE_3-GOOD,ENGINEBALANCED,Balanced Engine,CORVETTE,GOOD,13,10,380000,HIGH,3,,,,,,,,,,,,,,,,,,,,,,,,
ENGINEBALANCED_4-FRIGATE_1-BASIC,ENGINEBALANCED,Balanced Engine,FRIGATE,BASIC,20,15,850000,LOW,1,,,,,,,,,,,,,,,,,,,,,,,,
ENGINEBALANCED_4-FRIGATE_2-AVERAGE,ENGINEBALANCED,Balanced Engine,FRIGATE,AVERAGE,20,15,850000,MEDIUM,2,,,,,,,,,,,,,,,,,,,,,,,,
ENGINEBALANCED_4-FRIGATE_3-GOOD,ENGINEBALANCED,Balanced Engine,FRIGATE,GOOD,20,15,850000,HIGH,3,,,,,,,,,,,,,,,,,,,,,,,,
ENGINEBALANCED_5-CRUISER_1-BASIC,ENGINEBALANCED,Balanced Engine,CRUISER,BASIC,30,22,1900000,LOW,1,,,,,,,,,,,,,,,,,,,,,,,,
ENGINEBALANCED_5-CRUISER_2-AVERAGE,ENGINEBALANCED,Balanced Engine,CRUISER,AVERAGE,30,22,1900000,MEDIUM,2,,,,,,,,,,,,,,,,,,,,,,,,
ENGINEBALANCED_5-CRUISER_3-GOOD,ENGINEBALANCED,Balanced Engine,CRUISER,GOOD,30,22,1900000,HIGH,3,,,,,,,,,,,,,,,,,,,,,,,,
ENGINEBALANCED_6-BATTLECRUISER_1-BASIC,ENGINEBALANCED,Balanced Engine,BATTLECRUISER,BASIC,44,32,4300000,LOW,1,,,,,,,,,,,,,,,,,,,,,,,,
ENGINEBALANCED_6-BATTLECRUISER_2-AVERAGE,ENGINEBALANCED,Balanced Engine,BATTLECRUISER,AVERAGE,44,32,4300000,MEDIUM,2,,,,,,,,,,,,,,,,,,,,,,,,
ENGINEBALANCED_6-BATTLECRUISER_3-GOOD,ENGINEBALANCED,Balanced Engine,BATTLECRUISER,GOOD,44,32,4300000,HIGH,3,,,,,,,,,,,,,,,,,,,,,,,,
ENGINEBALANCED_7-CARRIER_1-BASIC,ENGINEBALANCED,Balanced Engine,CARRIER,BASIC,65,47,9600000,LOW,1,,,,,,,,,,,,,,,,,,,,,,,,
ENGINEBALANCED_7-CARRIER_2-AVERAGE,ENGINEBALANCED,Balanced Engine,CARRIER,AVERAGE,65,47,9600000,MEDIUM,2,,,,,,,,,,,,,,,,,,,,,,,,
ENGINEBALANCED_7-CARRIER_3-GOOD,ENGINEBALANCED,Balanced Engine,CARRIER,GOOD,65,47,9600000,HIGH,3,,,,,,,,,,,,,,,,,,,,,,,,
ENGINEBALANCED_8-NOVA_1-BASIC,ENGINEBALANCED,Balanced Engine,NOVA,BASIC,95,69,21500000,LOW,1,,,,,,,,,,,,,,,,,,,,,,,,
ENGINEBALANCED_8-NOVA_2-AVERAGE,ENGINEBALANCED,Balanced Engine,NOVA,AVERAGE,95,69,21500000,MEDIUM,2,,,,,,,,,,,,,,,,,,,,,,,,
ENGINEBALANCED_8-NOVA_3-GOOD,ENGINEBALANCED,Balanced Engine,NOVA,GOOD,95,69,21500000,HIGH,3,,,,,,,,,,,,,,,,,,,,,,,,
ENGINECOMBAT_1-DRONE_1-BASIC,ENGINECOMBAT,Combat Engine,DRONE,BASIC,5,5,100000,LOW,,1,,,,,,,,,,,,,,,,,,,,,,,
ENGINECOMBAT_1-DRONE_2-AVERAGE,ENGINECOMBAT,Combat Engine,DRONE,AVERAGE,5,5,100000,MEDIUM,,2,,,,,,,,,,,,,,,,,,,,,,,
ENGINECOMBAT_1-DRONE_3-GOOD,ENGINECOMBAT,Combat Engine,DRONE,GOOD,5,5,100000,HIGH,,3,,,,,,,,,,,,,,,,,,,,,,,
ENGINECOMBAT_2-FIGHTER_1-BASIC,ENGINECOMBAT,Combat Engine,FIGHTER,BASIC,8,8,200000,LOW,,1,,,,,,,,,,,,,,,,,,,,,,,
ENGINECOMBAT_2-FIGHTER_2-AVERAGE,ENGINECOMBAT,Combat Engine,FIGHTER,AVERAGE,8,8,200000,MEDIUM,,2,,,,,,,,,,,,,,,,,,,,,,,
ENGINECOMBAT_2-FIGHTER_3-GOOD,ENGINECOMBAT,Combat Engine,FIGHTER,GOOD,8,8,200000,HIGH,,3,,,,,,,,,,,,,,,,,,,,,,,
ENGINECOMBAT_3-CORVETTE_1-BASIC,ENGINECOMBAT,Combat Engine,CORVETTE,BASIC,13,12,480000,LOW,,1,,,,,,,,,,,,,,,,,,,,,,,
ENGINECOMBAT_3-CORVETTE_2-AVERAGE,ENGINECOMBAT,Combat Engine,CORVETTE,AVERAGE,13,12,480000,MEDIUM,,2,,,,,,,,,,,,,,,,,,,,,,,
ENGINECOMBAT_3-CORVETTE_3-GOOD,ENGINECOMBAT,Combat Engine,CORVETTE,GOOD,13,12,480000,HIGH,,3,,,,,,,,,,,,,,,,,,,,,,,
ENGINECOMBAT_4-FRIGATE_1-BASIC,ENGINECOMBAT,Combat Engine,FRIGATE,BASIC,20,18,1080000,LOW,,1,,,,,,,,,,,,,,,,,,,,,,,
ENGINECOMBAT_4-FRIGATE_2-AVERAGE,ENGINECOMBAT,Combat Engine,FRIGATE,AVERAGE,20,18,1080000,MEDIUM,,2,,,,,,,,,,,,,,,,,,,,,,,
ENGINECOMBAT_4-FRIGATE_3-GOOD,ENGINECOMBAT,Combat Engine,FRIGATE,GOOD,20,18,1080000,HIGH,,3,,,,,,,,,,,,,,,,,,,,,,,
ENGINECOMBAT_5-CRUISER_1-BASIC,ENGINECOMBAT,Combat Engine,CRUISER,BASIC,30,26,2400000,LOW,,1,,,,,,,,,,,,,,,,,,,,,,,
ENGINECOMBAT_5-CRUISER_2-AVERAGE,ENGINECOMBAT,Combat Engine,CRUISER,AVERAGE,30,26,2400000,MEDIUM,,2,,,,,,,,,,,,,,,,,,,,,,,
ENGINECOMBAT_5-CRUISER_3-GOOD,ENGINECOMBAT,Combat Engine,CRUISER,GOOD,30,26,2400000,HIGH,,3,,,,,,,,,,,,,,,,,,,,,,,
ENGINECOMBAT_6-BATTLECRUISER_1-BASIC,ENGINECOMBAT,Combat Engine,BATTLECRUISER,BASIC,44,38,5400000,LOW,,1,,,,,,,,,,,,,,,,,,,,,,,
ENGINECOMBAT_6-BATTLECRUISER_2-AVERAGE,ENGINECOMBAT,Combat Engine,BATTLECRUISER,AVERAGE,44,38,5400000,MEDIUM,,2,,,,,,,,,,,,,,,,,,,,,,,
ENGINECOMBAT_6-BATTLECRUISER_3-GOOD,ENGINECOMBAT,Combat Engine,BATTLECRUISER,GOOD,44,38,5400000,HIGH,,3,,,,,,,,,,,,,,,,,,,,,,,
ENGINECOMBAT_7-CARRIER_1-BASIC,ENGINECOMBAT,Combat Engine,CARRIER,BASIC,65,56,12100000,LOW,,1,,,,,,,,,,,,,,,,,,,,,,,
ENGINECOMBAT_7-CARRIER_2-AVERAGE,ENGINECOMBAT,Combat Engine,CARRIER,AVERAGE,65,56,12100000,MEDIUM,,2,,,,,,,,,,,,,,,,,,,,,,,
ENGINECOMBAT_7-CARRIER_3-GOOD,ENGINECOMBAT,Combat Engine,CARRIER,GOOD,65,56,12100000,HIGH,,3,,,,,,,,,,,,,,,,,,,,,,,
ENGINECOMBAT_8-NOVA_1-BASIC,ENGINECOMBAT,Combat Engine,NOVA,BASIC,95,82,27200000,LOW,,1,,,,,,,,,,,,,,,,,,,,,,,
ENGINECOMBAT_8-NOVA_2-AVERAGE,ENGINECOMBAT,Combat Engine,NOVA,AVERAGE,95,82,27200000,MEDIUM,,2,,,,,,,,,,,,,,,,,,,,,,,
ENGINECOMBAT_8-NOVA_3-GOOD,ENGINECOMBAT,Combat Engine,NOVA,GOOD,95,82,27200000,HIGH,,3,,,,,,,,,,,,,,,,,,,,,,,
ENGINEHANDLING_1-DRONE_1-BASIC,ENGINEHANDLING,Handling Engine,DRONE,BASIC,5,4,90000,LOW,2,,,,,,,,,,,,,,,,,,,,,,,,
ENGINEHANDLING_1-DRONE_2-AVERAGE,ENGINEHANDLING,Handling Engine,DRONE,AVERAGE,5,4,90000,MEDIUM,2,,,,,,,,,,,,,,,,,,,,,,,,
ENGINEHANDLING_1-DRONE_3-GOOD,ENGINEHANDLING,Handling Engine,DRONE,GOOD,5,4,90000,HIGH,2,,,,,,,,,,,,,,,,,,,,,,,,
ENGINEHANDLING_2-FIGHTER_1-BASIC,ENGINEHANDLING,Handling Engine,FIGHTER,BASIC,8,6,180000,LOW,2,,,,,,,,,,,,,,,,,,,,,,,,
ENGINEHANDLING_2-FIGHTER_2-AVERAGE,ENGINEHANDLING,Handling Engine,FIGHTER,AVERAGE,8,6,180000,MEDIUM,2,,,,,,,,,,,,,,,,,,,,,,,,
ENGINEHANDLING_2-FIGHTER_3-GOOD,ENGINEHANDLING,Handling Engine,FIGHTER,GOOD,8,6,180000,HIGH,2,,,,,,,,,,,,,,,,,,,,,,,,
ENGINEHANDLING_3-CORVETTE_1-BASIC,ENGINEHANDLING,Handling Engine,CORVETTE,BASIC,13,10,430000,LOW,2,,,,,,,,,,,,,,,,,,,,,,,,
ENGINEHANDLING_3-CORVETTE_2-AVERAGE,ENGINEHANDLING,Handling Engine,CORVETTE,AVERAGE,13,10,430000,MEDIUM,2,,,,,,,,,,,,,,,,,,,,,,,,
ENGINEHANDLING_3-CORVETTE_3-GOOD,ENGINEHANDLING,Handling Engine,CORVETTE,GOOD,13,10,430000,HIGH,2,,,,,,,,,,,,,,,,,,,,,,,,
ENGINEHANDLING_4-FRIGATE_1-BASIC,ENGINEHANDLING,Handling Engine,FRIGATE,BASIC,20,15,960000,LOW,2,,,,,,,,,,,,,,,,,,,,,,,,
ENGINEHANDLING_4-FRIGATE_2-AVERAGE,ENGINEHANDLING,Handling Engine,FRIGATE,AVERAGE,20,15,960000,MEDIUM,2,,,,,,,,,,,,,,,,,,,,,,,,
ENGINEHANDLING_4-FRIGATE_3-GOOD,ENGINEHANDLING,Handling Engine,FRIGATE,GOOD,20,15,960000,HIGH,2,,,,,,,,,,,,,,,,,,,,,,,,
ENGINEHANDLING_5-CRUISER_1-BASIC,ENGINEHANDLING,Handling Engine,CRUISER,BASIC,30,22,2160000,LOW,2,,,,,,,,,,,,,,,,,,,,,,,,
ENGINEHANDLING_5-CRUISER_2-AVERAGE,ENGINEHANDLING,Handling Engine,CRUISER,AVERAGE,30,22,2160000,MEDIUM,2,,,,,,,,,,,,,,,,,,,,,,,,
ENGINEHANDLING_5-CRUISER_3-GOOD,ENGINEHANDLING,Handling Engine,CRUISER,GOOD,30,22,2160000,HIGH,2,,,,,,,,,,,,,,,,,,,,,,,,
ENGINEHANDLING_6-BATTLECRUISER_1-BASIC,ENGINEHANDLING,Handling Engine,BATTLECRUISER,BASIC,44,32,4860000,LOW,2,,,,,,,,,,,,,,,,,,,,,,,,
ENGINEHANDLING_6-BATTLECRUISER_2-AVERAGE,ENGINEHANDLING,Handling Engine,BATTLECRUISER,AVERAGE,44,32,4860000,MEDIUM,2,,,,,,,,,,,,,,,,,,,,,,,,
ENGINEHANDLING_6-BATTLECRUISER_3-GOOD,ENGINEHANDLING,Handling Engine,BATTLECRUISER,GOOD,44,32,4860000,HIGH,2,,,,,,,,,,,,,,,,,,,,,,,,
ENGINEHANDLING_7-CARRIER_1-BASIC,ENGINEHANDLING,Handling Engine,CARRIER,BASIC,65,47,10900000,LOW,2,,,,,,,,,,,,,,,,,,,,,,,,
ENGINEHANDLING_7-CARRIER_2-AVERAGE,ENGINEHANDLING,Handling Engine,CARRIER,AVERAGE,65,47,10900000,MEDIUM,2,,,,,,,,,,,,,,,,,,,,,,,,
ENGINEHANDLING_7-CARRIER_3-GOOD,ENGINEHANDLING,Handling Engine,CARRIER,GOOD,65,47,10900000,HIGH,2,,,,,,,,,,,,,,,,,,,,,,,,
ENGINEHANDLING_8-NOVA_1-BASIC,ENGINEHANDLING,Handling Engine,NOVA,BASIC,95,69,24500000,LOW,2,,,,,,,,,,,,,,,,,,,,,,,,
ENGINEHANDLING_8-NOVA_2-AVERAGE,ENGINEHANDLING,Handling Engine,NOVA,AVERAGE,95,69,24500000,MEDIUM,2,,,,,,,,,,,,,,,,,,,,,,,,
ENGINEHANDLING_8-NOVA_3-GOOD,ENGINEHANDLING,Handling Engine,NOVA,GOOD,95,69,24500000,HIGH,2,,,,,,,,,,,,,,,,,,,,,,,,
POWER_1-DRONE_1-BASIC,POWER,Power Core,DRONE,BASIC,4,0,120000,,,,20,3,,,,,,,,,,,,,,,,,,,,,
POWER_1-DRONE_2-AVERAGE,POWER,Power Core,DRONE,AVERAGE,4,0,120000,,,,25,4,,,,,,,,,,,,,,,,,,,,,
POWER_1-DRONE_3-GOOD,POWER,Power Core,DRONE,GOOD,4,0,120000,,,,30,5,,,,,,,,,,,,,,,,,,,,,
POWER_2-FIGHTER_1-BASIC,POWER,Power Core,FIGHTER,BASIC,6,0,240000,,,,20,3,,,,,,,,,,,,,,,,,,,,,
POWER_2-FIGHTER_2-AVERAGE,POWER,Power Core,FIGHTER,AVERAGE,6,0,240000,,,,25,4,,,,,,,,,,,,,,,,,,,,,
POWER_2-FIGHTER_3-GOOD,POWER,Power Core,FIGHTER,GOOD,6,0,240000,,,,30,5,,,,,,,,,,,,,,,,,,,,,
POWER_3-CORVETTE_1-BASIC,POWER,Power Core,CORVETTE,BASIC,10,0,570000,,,,20,3,,,,,,,,,,,,,,,,,,,,,
POWER_3-CORVETTE_2-AVERAGE,POWER,Power Core,CORVETTE,AVERAGE,10,0,570000,,,,25,4,,,,,,,,,,,,,,,,,,,,,
POWER_3-CORVETTE_3-GOOD,POWER,Power Core,CORVETTE,GOOD,10,0,570000,,,,30,5,,,,,,,,,,,,,,,,,,,,,
POWER_4-FRIGATE_1-BASIC,POWER,Power Core,FRIGATE,BASIC,15,0,1280000,,,,20,3,,,,,,,,,,,,,,,,,,,,,
POWER_4-FRIGATE_2-AVERAGE,POWER,Power Core,FRIGATE,AVERAGE,15,0,1280000,,,,25,4,,,,,,,,,,,,,,,,,,,,,
POWER_4-FRIGATE_3-GOOD,POWER,Power Core,FRIGATE,GOOD,15,0,1280000,,,,30,5,,,,,,,,,,,,,,,,,,,,,
POWER_5-CRUISER_1-BASIC,POWER,Power Core,CRUISER,BASIC,22,0,2900000,,,,20,3,,,,,,,,,,,,,,,,,,,,,
POWER_5-CRUISER_2-AVERAGE,POWER,Power Core,CRUISER,AVERAGE,22,0,2900000,,,,25,4,,,,,,,,,,,,,,,,,,,,,
POWER_5-CRUISER_3-GOOD,POWER,Power Core,CRUISER,GOOD,22,0,2900000,,,,30,5,,,,,,,,,,,,,,,,,,,,,
POWER_6-BATTLECRUISER_1-BASIC,POWER,Power Core,BATTLECRUISER,BASIC,32,0,6500000,,,,20,3,,,,,,,,,,,,,,,,,,,,,
POWER_6-BATTLECRUISER_2-AVERAGE,POWER,Power Core,BATTLECRUISER,AVERAGE,32,0,6500000,,,,25,4,,,,,,,,,,,,,,,,,,,,,
POWER_6-BATTLECRUISER_3-GOOD,POWER,Power Core,BATTLECRUISER,GOOD,32,0,6500000,,,,30,5,,,,,,,,,,,,,,,,,,,,,
POWER_7-CARRIER_1-BASIC,POWER,Power Core,CARRIER,BASIC,47,0,14600000,,,,20,3,,,,,,,,,,,,,,,,,,,,,
POWER_7-CARRIER_2-AVERAGE,POWER,Power Core,CARRIER,AVERAGE,47,0,14600000,,,,25,4,,,,,,,,,,,,,,,,,,,,,
POWER_7-CARRIER_3-GOOD,POWER,Power Core,CARRIER,GOOD,47,0,14600000,,,,30,5,,,,,,,,,,,,,,,,,,,,,
POWER_8-NOVA_1-BASIC,POWER,Power Core,NOVA,BASIC,69,0,32800000,,,,20,3,,,,,,,,,,,,,,,,,,,,,
POWER_8-NOVA_2-AVERAGE,POWER,Power Core,NOVA,AVERAGE,69,0,32800000,,,,25,4,,,,,,,,,,,,,,,,,,,,,
POWER_8-NOVA_3-GOOD,POWER,Power Core,NOVA,GOOD,69,0,32800000,,,,30,5,,,,,,,,,,,,,,,,,,,,,
POWER_CORONTHIA_1-DRONE_1-BASIC,POWER_CORONTHIA,Coronthia Power Core,DRONE,BASIC,4,0,200000,,,,25,4,3,,,,,,,,,,,,,,,,,,,,
POWER_CORONTHIA_1-DRONE_2-AVERAGE,POWER_CORONTHIA,Coronthia Power Core,DRONE,AVERAGE,4,0,200000,,,,33,6,5,,,,,,,,,,,,,,,,,,,,
POWER_CORONTHIA_1-DRONE_3-GOOD,POWER_CORONTHIA,Coronthia Power Core,DRONE,GOOD,4,0,200000,,,,41,8,7,,,,,,,,,,,,,,,,,,,,
POWER_CORONTHIA_2-FIGHTER_1-BASIC,POWER_CORONTHIA,Coronthia Power Core,FIGHTER,BASIC,6,0,400000,,,,25,4,3,,,,,,,,,,,,,,,,,,,,
POWER_CORONTHIA_2-FIGHTER_2-AVERAGE,POWER_CORONTHIA,Coronthia Power Core,FIGHTER,AVERAGE,6,0,400000,,,,33,6,5,,,,,,,,,,,,,,,,,,,,
POWER_CORONTHIA_2-FIGHTER_3-GOOD,POWER_CORONTHIA,Coronthia Power Core,FIGHTER,GOOD,6,0,400000,,,,41,8,7,,,,,,,,,,,,,,,,,,,,
POWER_CORONTHIA_3-CORVETTE_1-BASIC,POWER_CORONTHIA,Coronthia Power Core,CORVETTE,BASIC,10,0,950000,,,,25,4,3,,,,,,,,,,,,,,,,,,,,
POWER_CORONTHIA_3-CORVETTE_2-AVERAGE,POWER_CORONTHIA,Coronthia Power Core,CORVETTE,AVERAGE,10,0,950000,,,,33,6,5,,,,,,,,,,,,,,,,,,,,
POWER_CORONTHIA_3-CORVETTE_3-GOOD,POWER_CORONTHIA,Coronthia Power Core,CORVETTE,GOOD,10,0,950000,,,,41,8,7,,,,,,,,,,,,,,,,,,,,
POWER_CORONTHIA_4-FRIGATE_1-BASIC,POWER_CORONTHIA,Coronthia Power Core,FRIGATE,BASIC,15,0,2100000,,,,25,4,3,,,,,,,,,,,,,,,,,,,,
POWER_CORONTHIA_4-FRIGATE_2-AVERAGE,POWER_CORONTHIA,Coronthia Power Core,FRIGATE,AVERAGE,15,0,2100000,,,,33,6,5,,,,,,,,,,,,,,,,,,,,
POWER_CORONTHIA_4-FRIGATE_3-GOOD,POWER_CORONTHIA,Coronthia Power Core,FRIGATE,GOOD,15,0,2100000,,,,41,8,7,,,,,,,,,,,,,,,,,,,,
POWER_CORONTHIA_5-CRUISER_1-BASIC,POWER_CORONTHIA,Coronthia Power Core,CRUISER,BASIC,22,0,4700000,,,,25,4,3,,,,,,,,,,,,,,,,,,,,
POWER_CORONTHIA_5-CRUISER_2-AVERAGE,POWER_CORONTHIA,Coronthia Power Core,CRUISER,AVERAGE,22,0,4700000,,,,33,6,5,,,,,,,,,,,,,,,,,,,,
POWER_CORONTHIA_5-CRUISER_3-GOOD,POWER_CORONTHIA,Coronthia Power Core,CRUISER,GOOD,22,0,4700000,,,,41,8,7,,,,,,,,,,,,,,,,,,,,
POWER_CORONTHIA_6-BATTLECRUISER_1-BASIC,POWER_CORONTHIA,Coronthia Power Core,BATTLECRUISER,BASIC,32,0,10600000,,,,25,4,3,,,,,,,,,,,,,,,,,,,,
POWER_CORONTHIA_6-BATTLECRUISER_2-AVERAGE,POWER_CORONTHIA,Coronthia Power Core,BATTLECRUISER,AVERAGE,32,0,10600000,,,,33,6,5,,,,,,,,,,,,,,,,,,,,
POWER_CORONTHIA_6-BATTLECRUISER_3-GOOD,POWER_CORONTHIA,Coronthia Power Core,BATTLECRUISER,GOOD,32,0,10600000,,,,41,8,7,,,,,,,,,,,,,,,,,,,,
POWER_CORONTHIA_7-CARRIER_1-BASIC,POWER_CORONTHIA,Coronthia Power Core,CARRIER,BASIC,47,0,23800000,,,,25,4,3,,,,,,,,,,,,,,,,,,,,
POWER_CORONTHIA_7-CARRIER_2-AVERAGE,POWER_CORONTHIA,Coronthia Power Core,CARRIER,AVERAGE,47,0,23800000,,,,33,6,5,,,,,,,,,,,,,,,,,,,,
POWER_CORONTHIA_7-CARRIER_3-GOOD,POWER_CORONTHIA,Coronthia Power Core,CARRIER,GOOD,47,0,23800000,,,,41,8,7,,,,,,,,,,,,,,,,,,,,
POWER_CORONTHIA_8-NOVA_1-BASIC,POWER_CORONTHIA,Coronthia Power Core,NOVA,BASIC,69,0,53500000,,,,25,4,3,,,,,,,,,,,,,,,,,,,,
POWER_CORONTHIA_8-NOVA_2-AVERAGE,POWER_CORONTHIA,Coronthia Power Core,NOVA,AVERAGE,69,0,53500000,,,,33,6,5,,,,,,,,,,,,,,,,,,,,
POWER_CORONTHIA_8-NOVA_3-GOOD,POWER_CORONTHIA,Coronthia Power Core,NOVA,GOOD,69,0,53500000,,,,41,8,7,,,,,,,,,,,,,,,,,,,,
SHIELD_1-DRONE_1-BASIC,SHIELD,Shield,DRONE,BASIC,4,3,80000,,,,,,,15,3,,,,,,,,,,,,,,,,,,
SHIELD_1-DRONE_2-AVERAGE,SHIELD,Shield,DRONE,AVERAGE,4,3,80000,,,,,,,20,4,,,,,,,,,,,,,,,,,,
SHIELD_1-DRONE_3-GOOD,SHIELD,Shield,DRONE,GOOD,4,3,80000,,,,,,,25,5,,,,,,,,,,,,,,,,,,
SHIELD_2-FIGHTER_1-BASIC,SHIELD,Shield,FIGHTER,BASIC,6,5,160000,,,,,,,15,3,,,,,,,,,,,,,,,,,,
SHIELD_2-FIGHTER_2-AVERAGE,SHIELD,Shield,FIGHTER,AVERAGE,6,5,160000,,,,,,,20,4,,,,,,,,,,,,,,,,,,
SHIELD_2-FIGHTER_3-GOOD,SHIELD,Shield,FIGHTER,GOOD,6,5,160000,,,,,,,25,5,,,,,,,,,,,,,,,,,,
SHIELD_3-CORVETTE_1-BASIC,SHIELD,Shield,CORVETTE,BASIC,10,8,380000,,,,,,,15,3,,,,,,,,,,,,,,,,,,
SHIELD_3-CORVETTE_2-AVERAGE,SHIELD,Shield,CORVETTE,AVERAGE,10,8,380000,,,,,,,20,4,,,,,,,,,,,,,,,,,,
SHIELD_3-CORVETTE_3-GOOD,SHIELD,Shield,CORVETTE,GOOD,10,8,380000,,,,,,,25,5,,,,,,,,,,,,,,,,,,
SHIELD_4-FRIGATE_1-BASIC,SHIELD,Shield,FRIGATE,BASIC,15,12,850000,,,,,,,15,3,,,,,,,,,,,,,,,,,,
SHIELD_4-FRIGATE_2-AVERAGE,SHIELD,Shield,FRIGATE,AVERAGE,15,12,850000,,,,,,,20,4,,,,,,,,,,,,,,,,,,
SHIELD_4-FRIGATE_3-GOOD,SHIELD,Shield,FRIGATE,GOOD,15,12,850000,,,,,,,25,5,,,,,,,,,,,,,,,,,,
SHIELD_5-CRUISER_1-BASIC,SHIELD,Shield,CRUISER,BASIC,22,17,1900000,,,,,,,15,3,,,,,,,,,,,,,,,,,,
SHIELD_5-CRUISER_2-AVERAGE,SHIELD,Shield,CRUISER,AVERAGE,22,17,1900000,,,,,,,20,4,,,,,,,,,,,,,,,,,,
SHIELD_5-CRUISER_3-GOOD,SHIELD,Shield,CRUISER,GOOD,22,17,1900000,,,,,,,25,5,,,,,,,,,,,,,,,,,,
SHIELD_6-BATTLECRUISER_1-BASIC,SHIELD,Shield,BATTLECRUISER,BASIC,32,25,4300000,,,,,,,15,3,,,,,,,,,,,,,,,,,,
SHIELD_6-BATTLECRUISER_2-AVERAGE,SHIELD,Shield,BATTLECRUISER,AVERAGE,32,25,4300000,,,,,,,20,4,,,,,,,,,,,,,,,,,,
SHIELD_6-BATTLECRUISER_3-GOOD,SHIELD,Shield,BATTLECRUISER,GOOD,32,25,4300000,,,,,,,25,5,,,,,,,,,,,,,,,,,,
SHIELD_7-CARRIER_1-BASIC,SHIELD,Shield,CARRIER,BASIC,47,37,9600000,,,,,,,15,3,,,,,,,,,,,,,,,,,,
SHIELD_7-CARRIER_2-AVERAGE,SHIELD,Shield,CARRIER,AVERAGE,47,37,9600000,,,,,,,20,4,,,,,,,,,,,,,,,,,,
SHIELD_7-CARRIER_3-GOOD,SHIELD,Shield,CARRIER,GOOD,47,37,9600000,,,,,,,25,5,,,,,,,,,,,,,,,,,,
SHIELD_8-NOVA_1-BASIC,SHIELD,Shield,NOVA,BASIC,69,54,21500000,,,,,,,15,3,,,,,,,,,,,,,,,,,,
SHIELD_8-NOVA_2-AVERAGE,SHIELD,Shield,NOVA,AVERAGE,69,54,21500000,,,,,,,20,4,,,,,,,,,,,,,,,,,,
SHIELD_8-NOVA_3-GOOD,SHIELD,Shield,NOVA,GOOD,69,54,21500000,,,,,,,25,5,,,,,,,,,,,,,,,,,,
ECM_1-DRONE_1-BASIC,ECM,ECM,DRONE,BASIC,3,3,60000,,,,,,,,,1,,,,,,,,,,,,,,,,,
ECM_1-DRONE_2-AVERAGE,ECM,ECM,DRONE,AVERAGE,3,3,60000,,,,,,,,,2,,,,,,,,,,,,,,,,,
ECM_1-DRONE_3-GOOD,ECM,ECM,DRONE,GOOD,3,3,60000,,,,,,,,,3,,,,,,,,,,,,,,,,,
ECM_2-FIGHTER_1-BASIC,ECM,ECM,FIGHTER,BASIC,5,5,120000,,,,,,,,,1,,,,,,,,,,,,,,,,,
ECM_2-FIGHTER_2-AVERAGE,ECM,ECM,FIGHTER,AVERAGE,5,5,120000,,,,,,,,,2,,,,,,,,,,,,,,,,,
ECM_2-FIGHTER_3-GOOD,ECM,ECM,FIGHTER,GOOD,5,5,120000,,,,,,,,,3,,,,,,,,,,,,,,,,,
ECM_3-CORVETTE_1-BASIC,ECM,ECM,CORVETTE,BASIC,8,8,285000,,,,,,,,,1,,,,,,,,,,,,,,,,,
ECM_3-CORVETTE_2-AVERAGE,ECM,ECM,CORVETTE,AVERAGE,8,8,285000,,,,,,,,,2,,,,,,,,,,,,,,,,,
ECM_3-CORVETTE_3-GOOD,ECM,ECM,CORVETTE,GOOD,8,8,285000,,,,,,,,,3,,,,,,,,,,,,,,,,,
ECM_4-FRIGATE_1-BASIC,ECM,ECM,FRIGATE,BASIC,12,12,640000,,,,,,,,,1,,,,,,,,,,,,,,,,,
ECM_4-FRIGATE_2-AVERAGE,ECM,ECM,FRIGATE,AVERAGE,12,12,640000,,,,,,,,,2,,,,,,,,,,,,,,,,,
ECM_4-FRIGATE_3-GOOD,ECM,ECM,FRIGATE,GOOD,12,12,640000,,,,,,,,,3,,,,,,,,,,,,,,,,,
ECM_5-CRUISER_1-BASIC,ECM,ECM,CRUISER,BASIC,17,17,1430000,,,,,,,,,1,,,,,,,,,,,,,,,,,
ECM_5-CRUISER_2-AVERAGE,ECM,ECM,CRUISER,AVERAGE,17,17,1430000,,,,,,,,,2,,,,,,,,,,,,,,,,,
ECM_5-CRUISER_3-GOOD,ECM,ECM,CRUISER,GOOD,17,17,1430000,,,,,,,,,3,,,,,,,,,,,,,,,,,
ECM_6-BATTLECRUISER_1-BASIC,ECM,ECM,BATTLECRUISER,BASIC,25,25,3220000,,,,,,,,,1,,,,,,,,,,,,,,,,,
ECM_6-BATTLECRUISER_2-AVERAGE,ECM,ECM,BATTLECRUISER,AVERAGE,25,25,3220000,,,,,,,,,2,,,,,,,,,,,,,,,,,
ECM_6-BATTLECRUISER_3-GOOD,ECM,ECM,BATTLECRUISER,GOOD,25,25,3220000,,,,,,,,,3,,,,,,,,,,,,,,,,,
ECM_7-CARRIER_1-BASIC,ECM,ECM,CARRIER,BASIC,37,37,7230000,,,,,,,,,1,,,,,,,,,,,,,,,,,
ECM_7-CARRIER_2-AVERAGE,ECM,ECM,CARRIER,AVERAGE,37,37,7230000,,,,,,,,,2,,,,,,,,,,,,,,,,,
ECM_7-CARRIER_3-GOOD,ECM,ECM,CARRIER,GOOD,37,37,7230000,,,,,,,,,3,,,,,,,,,,,,,,,,,
ECM_8-NOVA_1-BASIC,ECM,ECM,NOVA,BASIC,54,54,16250000,,,,,,,,,1,,,,,,,,,,,,,,,,,
ECM_8-NOVA_2-AVERAGE,ECM,ECM,NOVA,AVERAGE,54,54,16250000,,,,,,,,,2,,,,,,,,,,,,,,,,,
ECM_8-NOVA_3-GOOD,ECM,ECM,NOVA,GOOD,54,54,16250000,,,,,,,,,3,,,,,,,,,,,,,,,,,
SYSTEM_1-DRONE_1-BASIC,SYSTEM,System,DRONE,BASIC,3,3,60000,,,,,3,,,,,,,,,,,,,,,,,,,,,
SYSTEM_1-DRONE_2-AVERAGE,SYSTEM,System,DRONE,AVERAGE,3,3,60000,,,,,4,,,,,,,,,,,,,,,,,,,,,
SYSTEM_1-DRONE_3-GOOD,SYSTEM,System,DRONE,GOOD,3,3,60000,,,,,5,,,,,,,,,,,,,,,,,,,,,
SYSTEM_2-FIGHTER_1-BASIC,SYSTEM,System,FIGHTER,BASIC,5,5,120000,,,,,3,,,,,,,,,,,,,,,,,,,,,
SYSTEM_2-FIGHTER_2-AVERAGE,SYSTEM,System,FIGHTER,AVERAGE,5,5,120000,,,,,4,,,,,,,,,,,,,,,,,,,,,
SYSTEM_2-FIGHTER_3-GOOD,SYSTEM,System,FIGHTER,GOOD,5,5,120000,,,,,5,,,,,,,,,,,,,,,,,,,,,
SYSTEM_3-CORVETTE_1-BASIC,SYSTEM,System,CORVETTE,BASIC,8,8,285000,,,,,3,,,,,,,,,,,,,,,,,,,,,
SYSTEM_3-CORVETTE_2-AVERAGE,SYSTEM,System,CORVETTE,AVERAGE,8,8,285000,,,,,4,,,,,,,,,,,,,,,,,,,,,
SYSTEM_3-CORVETTE_3-GOOD,SYSTEM,System,CORVETTE,GOOD,8,8,285000,,,,,5,,,,,,,,,,,,,,,,,,,,,
SYSTEM_4-FRIGATE_1-BASIC,SYSTEM,System,FRIGATE,BASIC,12,12,640000,,,,,3,,,,,,,,,,,,,,,,,,,,,
SYSTEM_4-FRIGATE_2-AVERAGE,SYSTEM,System,FRIGATE,AVERAGE,12,12,640000,,,,,4,,,,,,,,,,,,,,,,,,,,,
SYSTEM_4-FRIGATE_3-GOOD,SYSTEM,System,FRIGATE,GOOD,12,12,640000,,,,,5,,,,,,,,,,,,,,,,,,,,,
SYSTEM_5-CRUISER_1-BASIC,SYSTEM,System,CRUISER,BASIC,17,17,1430000,,,,,3,,,,,,,,,,,,,,,,,,,,,
SYSTEM_5-CRUISER_2-AVERAGE,SYSTEM,System,CRUISER,AVERAGE,17,17,1430000,,,,,4,,,,,,,,,,,,,,,,,,,,,
SYSTEM_5-CRUISER_3-GOOD,SYSTEM,System,CRUISER,GOOD,17,17,1430000,,,,,5,,,,,,,,,,,,,,,,,,,,,
SYSTEM_6-BATTLECRUISER_1-BASIC,SYSTEM,System,BATTLECRUISER,BASIC,25,25,3220000,,,,,3,,,,,,,,,,,,,,,,,,,,,
SYSTEM_6-BATTLECRUISER_2-AVERAGE,SYSTEM,System,BATTLECRUISER,AVERAGE,25,25,3220000,,,,,4,,,,,,,,,,,,,,,,,,,,,
SYSTEM_6-BATTLECRUISER_3-GOOD,SYSTEM,System,BATTLECRUISER,GOOD,25,25,3220000,,,,,5,,,,,,,,,,,,,,,,,,,,,
SYSTEM_7-CARRIER_1-BASIC,SYSTEM,System,CARRIER,BASIC,37,37,7230000,,,,,3,,,,,,,,,,,,,,,,,,,,,
SYSTEM_7-CARRIER_2-AVERAGE,SYSTEM,System,CARRIER,AVERAGE,37,37,7230000,,,,,4,,,,,,,,,,,,,,,,,,,,,
SYSTEM_7-CARRIER_3-GOOD,SYSTEM,System,CARRIER,GOOD,37,37,7230000,,,,,5,,,,,,,,,,,,,,,,,,,,,
SYSTEM_8-NOVA_1-BASIC,SYSTEM,System,NOVA,BASIC,54,54,16250000,,,,,3,,,,,,,,,,,,,,,,,,,,,
SYSTEM_8-NOVA_2-AVERAGE,SYSTEM,System,NOVA,AVERAGE,54,54,16250000,,,,,4,,,,,,,,,,,,,,,,,,,,,
SYSTEM_8-NOVA_3-GOOD,SYSTEM,System,NOVA,GOOD,54,54,16250000,,,,,5,,,,,,,,,,,,,,,,,,,,,
WARFARESUITE_1-DRONE_1-BASIC,WARFARESUITE,Warfare Suite,DRONE,BASIC,3,2,80000,,,2,,,,,,,,,,,,,,,,,,,,,,,
WARFARESUITE_1-DRONE_2-AVERAGE,WARFARESUITE,Warfare Suite,DRONE,AVERAGE,3,2,80000,,,3,,,,,,,,,,,,,,,,,,,,,,,
WARFARESUITE_1-DRONE_3-GOOD,WARFARESUITE,Warfare Suite,DRONE,GOOD,3,2,80000,,,4,,,,,,,,,,,,,,,,,,,,,,,
WARFARESUITE_2-FIGHTER_1-BASIC,WARFARESUITE,Warfare Suite,FIGHTER,BASIC,5,3,160000,,,2,,,,,,,,,,,,,,,,,,,,,,,
WARFARESUITE_2-FIGHTER_2-AVERAGE,WARFARESUITE,Warfare Suite,FIGHTER,AVERAGE,5,3,160000,,,3,,,,,,,,,,,,,,,,,,,,,,,
WARFARESUITE_2-FIGHTER_3-GOOD,WARFARESUITE,Warfare Suite,FIGHTER,GOOD,5,3,160000,,,4,,,,,,,,,,,,,,,,,,,,,,,
WARFARESUITE_3-CORVETTE_1-BASIC,WARFARESUITE,Warfare Suite,CORVETTE,BASIC,8,5,380000,,,2,,,,,,,,,,,,,,,,,,,,,,,
WARFARESUITE_3-CORVETTE_2-AVERAGE,WARFARESUITE,Warfare Suite,CORVETTE,AVERAGE,8,5,380000,,,3,,,,,,,,,,,,,,,,,,,,,,,
WARFARESUITE_3-CORVETTE_3-GOOD,WARFARESUITE,Warfare Suite,CORVETTE,GOOD,8,5,380000,,,4,,,,,,,,,,,,,,,,,,,,,,,
WARFARESUITE_4-FRIGATE_1-BASIC,WARFARESUITE,Warfare Suite,FRIGATE,BASIC,12,8,850000,,,2,,,,,,,,,,,,,,,,,,,,,,,
WARFARESUITE_4-FRIGATE_2-AVERAGE,WARFARESUITE,Warfare Suite,FRIGATE,AVERAGE,12,8,850000,,,3,,,,,,,,,,,,,,,,,,,,,,,
WARFARESUITE_4-FRIGATE_3-GOOD,WARFARESUITE,Warfare Suite,FRIGATE,GOOD,12,8,850000,,,4,,,,,,,,,,,,,,,,,,,,,,,
WARFARESUITE_5-CRUISER_1-BASIC,WARFARESUITE,Warfare Suite,CRUISER,BASIC,17,11,1900000,,,2,,,,,,,,,,,,,,,,,,,,,,,
WARFARESUITE_5-CRUISER_2-AVERAGE,WARFARESUITE,Warfare Suite,CRUISER,AVERAGE,17,11,1900000,,,3,,,,,,,,,,,,,,,,,,,,,,,
WARFARESUITE_5-CRUISER_3-GOOD,WARFARESUITE,Warfare Suite,CRUISER,GOOD,17,11,1900000,,,4,,,,,,,,,,,,,,,,,,,,,,,
WARFARESUITE_6-BATTLECRUISER_1-BASIC,WARFARESUITE,Warfare Suite,BATTLECRUISER,BASIC,25,16,4300000,,,2,,,,,,,,,,,,,,,,,,,,,,,
WARFARESUITE_6-BATTLECRUISER_2-AVERAGE,WARFARESUITE,Warfare Suite,BATTLECRUISER,AVERAGE,25,16,4300000,,,3,,,,,,,,,,,,,,,,,,,,,,,
WARFARESUITE_6-BATTLECRUISER_3-GOOD,WARFARESUITE,Warfare Suite,BATTLECRUISER,GOOD,25,16,4300000,,,4,,,,,,,,,,,,,,,,,,,,,,,
WARFARESUITE_7-CARRIER_1-BASIC,WARFARESUITE,Warfare Suite,CARRIER,BASIC,37,24,9600000,,,2,,,,,,,,,,,,,,,,,,,,,,,
WARFARESUITE_7-CARRIER_2-AVERAGE,WARFARESUITE,Warfare Suite,CARRIER,AVERAGE,37,24,9600000,,,3,,,,,,,,,,,,,,,,,,,,,,,
WARFARESUITE_7-CARRIER_3-GOOD,WARFARESUITE,Warfare Suite,CARRIER,GOOD,37,24,9600000,,,4,,,,,,,,,,,,,,,,,,,,,,,
WARFARESUITE_8-NOVA_1-BASIC,WARFARESUITE,Warfare Suite,NOVA,BASIC,54,35,21500000,,,2,,,,,,,,,,,,,,,,,,,,,,,
WARFARESUITE_8-NOVA_2-AVERAGE,WARFARESUITE,Warfare Suite,NOVA,AVERAGE,54,35,21500000,,,3,,,,,,,,,,,,,,,,,,,,,,,
WARFARESUITE_8-NOVA_3-GOOD,WARFARESUITE,Warfare Suite,NOVA,GOOD,54,35,21500000,,,4,,,,,,,,,,,,,,,,,,,,,,,
HULL_1-DRONE_1-BASIC,HULL,Hull,DRONE,BASIC,-5,0,40000,,,,,,,,,,-1,1,,,,,,,,,,,,,,,
HULL_1-DRONE_2-AVERAGE,HULL,Hull,DRONE,AVERAGE,-5,0,40000,,,,,,,,,,0,0,,,,,,,,,,,,,,,
HULL_1-DRONE_3-GOOD,HULL,Hull,DRONE,GOOD,-5,0,40000,,,,,,,,,,1,-1,,,,,,,,,,,,,,,
HULL_2-FIGHTER_1-BASIC,HULL,Hull,FIGHTER,BASIC,-8,0,80000,,,,,,,,,,-1,1,,,,,,,,,,,,,,,
HULL_2-FIGHTER_2-AVERAGE,HULL,Hull,FIGHTER,AVERAGE,-8,0,80000,,,,,,,,,,0,0,,,,,,,,,,,,,,,
HULL_2-FIGHTER_3-GOOD,HULL,Hull,FIGHTER,GOOD,-8,0,80000,,,,,,,,,,1,-1,,,,,,,,,,,,,,,
HULL_3-CORVETTE_1-BASIC,HULL,Hull,CORVETTE,BASIC,-12,0,190000,,,,,,,,,,-1,1,,,,,,,,,,,,,,,
HULL_3-CORVETTE_2-AVERAGE,HULL,Hull,CORVETTE,AVERAGE,-12,0,190000,,,,,,,,,,0,0,,,,,,,,,,,,,,,
HULL_3-CORVETTE_3-GOOD,HULL,Hull,CORVETTE,GOOD,-12,0,190000,,,,,,,,,,1,-1,,,,,,,,,,,,,,,
HULL_4-FRIGATE_1-BASIC,HULL,Hull,FRIGATE,BASIC,-18,0,430000,,,,,,,,,,-1,1,,,,,,,,,,,,,,,
HULL_4-FRIGATE_2-AVERAGE,HULL,Hull,FRIGATE,AVERAGE,-18,0,430000,,,,,,,,,,0,0,,,,,,,,,,,,,,,
HULL_4-FRIGATE_3-GOOD,HULL,Hull,FRIGATE,GOOD,-18,0,430000,,,,,,,,,,1,-1,,,,,,,,,,,,,,,
HULL_5-CRUISER_1-BASIC,HULL,Hull,CRUISER,BASIC,-27,0,960000,,,,,,,,,,-1,1,,,,,,,,,,,,,,,
HULL_5-CRUISER_2-AVERAGE,HULL,Hull,CRUISER,AVERAGE,-27,0,960000,,,,,,,,,,0,0,,,,,,,,,,,,,,,
HULL_5-CRUISER_3-GOOD,HULL,Hull,CRUISER,GOOD,-27,0,960000,,,,,,,,,,1,-1,,,,,,,,,,,,,,,
HULL_6-BATTLECRUISER_1-BASIC,HULL,Hull,BATTLECRUISER,BASIC,-40,0,2160000,,,,,,,,,,-1,1,,,,,,,,,,,,,,,
HULL_6-BATTLECRUISER_2-AVERAGE,HULL,Hull,BATTLECRUISER,AVERAGE,-40,0,2160000,,,,,,,,,,0,0,,,,,,,,,,,,,,,
HULL_6-BATTLECRUISER_3-GOOD,HULL,Hull,BATTLECRUISER,GOOD,-40,0,2160000,,,,,,,,,,1,-1,,,,,,,,,,,,,,,
HULL_7-CARRIER_1-BASIC,HULL,Hull,CARRIER,BASIC,-58,0,4850000,,,,,,,,,,-1,1,,,,,,,,,,,,,,,
HULL_7-CARRIER_2-AVERAGE,HULL,Hull,CARRIER,AVERAGE,-58,0,4850000,,,,,,,,,,0,0,,,,,,,,,,,,,,,
HULL_7-CARRIER_3-GOOD,HULL,Hull,CARRIER,GOOD,-58,0,4850000,,,,,,,,,,1,-1,,,,,,,,,,,,,,,
HULL_8-NOVA_1-BASIC,HULL,Hull,NOVA,BASIC,-85,0,10900000,,,,,,,,,,-1,1,,,,,,,,,,,,,,,
HULL_8-NOVA_2-AVERAGE,HULL,Hull,NOVA,AVERAGE,-85,0,10900000,,,,,,,,,,0,0,,,,,,,,,,,,,,,
HULL_8-NOVA_3-GOOD,HULL,Hull,NOVA,GOOD,-85,0,10900000,,,,,,,,,,1,-1,,,,,,,,,,,,,,,
STRUCTURE_1-DRONE_1-BASIC,STRUCTURE,Structure,DRONE,BASIC,2,0,30000,,,,,,,,,,1,,,,,,,,,,,,,,,,
STRUCTURE_1-DRONE_2-AVERAGE,STRUCTURE,Structure,DRONE,AVERAGE,2,0,30000,,,,,,,,,,2,,,,,,,,,,,,,,,,
STRUCTURE_1-DRONE_3-GOOD,STRUCTURE,Structure,DRONE,GOOD,2,0,30000,,,,,,,,,,3,,,,,,,,,,,,,,,,
STRUCTURE_2-FIGHTER_1-BASIC,STRUCTURE,Structure,FIGHTER,BASIC,3,0,60000,,,,,,,,,,1,,,,,,,,,,,,,,,,
STRUCTURE_2-FIGHTER_2-AVERAGE,STRUCTURE,Structure,FIGHTER,AVERAGE,3,0,60000,,,,,,,,,,2,,,,,,,,,,,,,,,,
STRUCTURE_2-FIGHTER_3-GOOD,STRUCTURE,Structure,FIGHTER,GOOD,3,0,60000,,,,,,,,,,3,,,,,,,,,,,,,,,,
STRUCTURE_3-CORVETTE_1-BASIC,STRUCTURE,Structure,CORVETTE,BASIC,5,0,143000,,,,,,,,,,1,,,,,,,,,,,,,,,,
STRUCTURE_3-CORVETTE_2-AVERAGE,STRUCTURE,Structure,CORVETTE,AVERAGE,5,0,143000,,,,,,,,,,2,,,,,,,,,,,,,,,,
STRUCTURE_3-CORVETTE_3-GOOD,STRUCTURE,Structure,CORVETTE,GOOD,5,0,143000,,,,,,,,,,3,,,,,,,,,,,,,,,,
STRUCTURE_4-FRIGATE_1-BASIC,STRUCTURE,Structure,FRIGATE,BASIC,8,0,320000,,,,,,,,,,1,,,,,,,,,,,,,,,,
STRUCTURE_4-FRIGATE_2-AVERAGE,STRUCTURE,Structure,FRIGATE,AVERAGE,8,0,320000,,,,,,,,,,2,,,,,,,,,,,,,,,,
STRUCTURE_4-FRIGATE_3-GOOD,STRUCTURE,Structure,FRIGATE,GOOD,8,0,320000,,,,,,,,,,3,,,,,,,,,,,,,,,,
STRUCTURE_5-CRUISER_1-BASIC,STRUCTURE,Structure,CRUISER,BASIC,11,0,720000,,,,,,,,,,1,,,,,,,,,,,,,,,,
STRUCTURE_5-CRUISER_2-AVERAGE,STRUCTURE,Structure,CRUISER,AVERAGE,11,0,720000,,,,,,,,,,2,,,,,,,,,,,,,,,,
STRUCTURE_5-CRUISER_3-GOOD,STRUCTURE,Structure,CRUISER,GOOD,11,0,720000,,,,,,,,,,3,,,,,,,,,,,,,,,,
STRUCTURE_6-BATTLECRUISER_1-BASIC,STRUCTURE,Structure,BATTLECRUISER,BASIC,16,0,1620000,,,,,,,,,,1,,,,,,,,,,,,,,,,
STRUCTURE_6-BATTLECRUISER_2-AVERAGE,STRUCTURE,Structure,BATTLECRUISER,AVERAGE,16,0,1620000,,,,,,,,,,2,,,,,,,,,,,,,,,,
STRUCTURE_6-BATTLECRUISER_3-GOOD,STRUCTURE,Structure,BATTLECRUISER,GOOD,16,0,1620000,,,,,,,,,,3,,,,,,,,,,,,,,,,
STRUCTURE_7-CARRIER_1-BASIC,STRUCTURE,Structure,CARRIER,BASIC,24,0,3640000,,,,,,,,,,1,,,,,,,,,,,,,,,,
STRUCTURE_7-CARRIER_2-AVERAGE,STRUCTURE,Structure,CARRIER,AVERAGE,24,0,3640000,,,,,,,,,,2,,,,,,,,,,,,,,,,
STRUCTURE_7-CARRIER_3-GOOD,STRUCTURE,Structure,CARRIER,GOOD,24,0,3640000,,,,,,,,,,3,,,,,,,,,,,,,,,,
STRUCTURE_8-NOVA_1-BASIC,STRUCTURE,Structure,NOVA,BASIC,35,0,8180000,,,,,,,,,,1,,,,,,,,,,,,,,,,
STRUCTURE_8-NOVA_2-AVERAGE,STRUCTURE,Structure,NOVA,AVERAGE,35,0,8180000,,,,,,,,,,2,,,,,,,,,,,,,,,,
STRUCTURE_8-NOVA_3-GOOD,STRUCTURE,Structure,NOVA,GOOD,35,0,8180000,,,,,,,,,,3,,,,,,,,,,,,,,,,
BRIDGE_3-CORVETTE_1-BASIC,BRIDGE,Bridge,CORVETTE,BASIC,10,5,480000,,,,,,,,,,,-1,,,,,,,,,,,,,,,
BRIDGE_3-CORVETTE_2-AVERAGE,BRIDGE,Bridge,CORVETTE,AVERAGE,10,5,480000,,,,,,,,,,,0,,,,,,,,,,,,,,,
BRIDGE_3-CORVETTE_3-GOOD,BRIDGE,Bridge,CORVETTE,GOOD,10,5,480000,,,,,,,,,,,1,,,,,,,,,,,,,,,
BRIDGE_4-FRIGATE_1-BASIC,BRIDGE,Bridge,FRIGATE,BASIC,15,8,1080000,,,,,,,,,,,-1,,,,,,,,,,,,,,,
BRIDGE_4-FRIGATE_2-AVERAGE,BRIDGE,Bridge,FRIGATE,AVERAGE,15,8,1080000,,,,,,,,,,,0,,,,,,,,,,,,,,,
BRIDGE_4-FRIGATE_3-GOOD,BRIDGE,Bridge,FRIGATE,GOOD,15,8,1080000,,,,,,,,,,,1,,,,,,,,,,,,,,,
BRIDGE_5-CRUISER_1-BASIC,BRIDGE,Bridge,CRUISER,BASIC,22,11,2400000,,,,,,,,,,,-1,,,,,,,,,,,,,,,
BRIDGE_5-CRUISER_2-AVERAGE,BRIDGE,Bridge,CRUISER,AVERAGE,22,11,2400000,,,,,,,,,,,0,,,,,,,,,,,,,,,
BRIDGE_5-CRUISER_3-GOOD,BRIDGE,Bridge,CRUISER,GOOD,22,11,2400000,,,,,,,,,,,1,,,,,,,,,,,,,,,
BRIDGE_6-BATTLECRUISER_1-BASIC,BRIDGE,Bridge,BATTLECRUISER,BASIC,32,16,5400000,,,,,,,,,,,-1,,,,,,,,,,,,,,,
BRIDGE_6-BATTLECRUISER_2-AVERAGE,BRIDGE,Bridge,BATTLECRUISER,AVERAGE,32,16,5400000,,,,,,,,,,,0,,,,,,,,,,,,,,,
BRIDGE_6-BATTLECRUISER_3-GOOD,BRIDGE,Bridge,BATTLECRUISER,GOOD,32,16,5400000,,,,,,,,,,,1,,,,,,,,,,,,,,,
BRIDGE_7-CARRIER_1-BASIC,BRIDGE,Bridge,CARRIER,BASIC,47,24,12100000,,,,,,,,,,,-1,,,,,,,,,,,,,,,
BRIDGE_7-CARRIER_2-AVERAGE,BRIDGE,Bridge,CARRIER,AVERAGE,47,24,12100000,,,,,,,,,,,0,,,,,,,,,,,,,,,
BRIDGE_7-CARRIER_3-GOOD,BRIDGE,Bridge,CARRIER,GOOD,47,24,12100000,,,,,,,,,,,1,,,,,,,,,,,,,,,
BRIDGE_8-NOVA_1-BASIC,BRIDGE,Bridge,NOVA,BASIC,69,35,27200000,,,,,,,,,,,-1,,,,,,,,,,,,,,,
BRIDGE_8-NOVA_2-AVERAGE,BRIDGE,Bridge,NOVA,AVERAGE,69,35,27200000,,,,,,,,,,,0,,,,,,,,,,,,,,,
BRIDGE_8-NOVA_3-GOOD,BRIDGE,Bridge,NOVA,GOOD,69,35,27200000,,,,,,,,,,,1,,,,,,,,,,,,,,,
NAVBRIDGE_3-CORVETTE_1-BASIC,NAVBRIDGE,Nav Bridge,CORVETTE,BASIC,10,5,380000,,,,,,,,,,,,1,,,,,,,,,,,,,,
NAVBRIDGE_3-CORVETTE_2-AVERAGE,NAVBRIDGE,Nav Bridge,CORVETTE,AVERAGE,10,5,380000,,,,,,,,,,,,2,,,,,,,,,,,,,,
NAVBRIDGE_3-CORVETTE_3-GOOD,NAVBRIDGE,Nav Bridge,CORVETTE,GOOD,10,5,380000,,,,,,,,,,,,3,,,,,,,,,,,,,,
NAVBRIDGE_4-FRIGATE_1-BASIC,NAVBRIDGE,Nav Bridge,FRIGATE,BASIC,15,8,850000,,,,,,,,,,,,1,,,,,,,,,,,,,,
NAVBRIDGE_4-FRIGATE_2-AVERAGE,NAVBRIDGE,Nav Bridge,FRIGATE,AVERAGE,15,8,850000,,,,,,,,,,,,2,,,,,,,,,,,,,,
NAVBRIDGE_4-FRIGATE_3-GOOD,NAVBRIDGE,Nav Bridge,FRIGATE,GOOD,15,8,850000,,,,,,,,,,,,3,,,,,,,,,,,,,,
NAVBRIDGE_5-CRUISER_1-BASIC,NAVBRIDGE,Nav Bridge,CRUISER,BASIC,22,11,1900000,,,,,,,,,,,,1,,,,,,,,,,,,,,
NAVBRIDGE_5-CRUISER_2-AVERAGE,NAVBRIDGE,Nav Bridge,CRUISER,AVERAGE,22,11,1900000,,,,,,,,,,,,2,,,,,,,,,,,,,,
NAVBRIDGE_5-CRUISER_3-GOOD,NAVBRIDGE,Nav Bridge,CRUISER,GOOD,22,11,1900000,,,,,,,,,,,,3,,,,,,,,,,,,,,
NAVBRIDGE_6-BATTLECRUISER_1-BASIC,NAVBRIDGE,Nav Bridge,BATTLECRUISER,BASIC,32,16,4300000,,,,,,,,,,,,1,,,,,,,,,,,,,,
NAVBRIDGE_6-BATTLECRUISER_2-AVERAGE,NAVBRIDGE,Nav Bridge,BATTLECRUISER,AVERAGE,32,16,4300000,,,,,,,,,,,,2,,,,,,,,,,,,,,
NAVBRIDGE_6-BATTLECRUISER_3-GOOD,NAVBRIDGE,Nav Bridge,BATTLECRUISER,GOOD,32,16,4300000,,,,,,,,,,,,3,,,,,,,,,,,,,,
NAVBRIDGE_7-CARRIER_1-BASIC,NAVBRIDGE,Nav Bridge,CARRIER,BASIC,47,24,9600000,,,,,,,,,,,,1,,,,,,,,,,,,,,
NAVBRIDGE_7-CARRIER_2-AVERAGE,NAVBRIDGE,Nav Bridge,CARRIER,AVERAGE,47,24,9600000,,,,,,,,,,,,2,,,,,,,,,,,,,,
NAVBRIDGE_7-CARRIER_3-GOOD,NAVBRIDGE,Nav Bridge,CARRIER,GOOD,47,24,9600000,,,,,,,,,,,,3,,,,,,,,,,,,,,
NAVBRIDGE_8-NOVA_1-BASIC,NAVBRIDGE,Nav Bridge,NOVA,BASIC,69,35,21500000,,,,,,,,,,,,1,,,,,,,,,,,,,,
NAVBRIDGE_8-NOVA_2-AVERAGE,NAVBRIDGE,Nav Bridge,NOVA,AVERAGE,69,35,21500000,,,,,,,,,,,,2,,,,,,,,,,,,,,
NAVBRIDGE_8-NOVA_3-GOOD,NAVBRIDGE,Nav Bridge,NOVA,GOOD,69,35,21500000,,,,,,,,,,,,3,,,,,,,,,,,,,,
COMBRIDGE_3-CORVETTE_1-BASIC,COMBRIDGE,Comms Bridge,CORVETTE,BASIC,8,5,430000,,,1,,,,,,,,,,,,,,,,,,,,,,,
COMBRIDGE_3-CORVETTE_2-AVERAGE,COMBRIDGE,Comms Bridge,CORVETTE,AVERAGE,8,5,430000,,,2,,,,,,,,,,,,,,,,,,,,,,,
COMBRIDGE_3-CORVETTE_3-GOOD,COMBRIDGE,Comms Bridge,CORVETTE,GOOD,8,5,430000,,,3,,,,,,,,,,,,,,,,,,,,,,,
COMBRIDGE_4-FRIGATE_1-BASIC,COMBRIDGE,Comms Bridge,FRIGATE,BASIC,12,8,960000,,,1,,,,,,,,,,,,,,,,,,,,,,,
COMBRIDGE_4-FRIGATE_2-AVERAGE,COMBRIDGE,Comms Bridge,FRIGATE,AVERAGE,12,8,960000,,,2,,,,,,,,,,,,,,,,,,,,,,,
COMBRIDGE_4-FRIGATE_3-GOOD,COMBRIDGE,Comms Bridge,FRIGATE,GOOD,12,8,960000,,,3,,,,,,,,,,,,,,,,,,,,,,,
COMBRIDGE_5-CRUISER_1-BASIC,COMBRIDGE,Comms Bridge,CRUISER,BASIC,17,11,2160000,,,1,,,,,,,,,,,,,,,,,,,,,,,
COMBRIDGE_5-CRUISER_2-AVERAGE,COMBRIDGE,Comms Bridge,CRUISER,AVERAGE,17,11,2160000,,,2,,,,,,,,,,,,,,,,,,,,,,,
COMBRIDGE_5-CRUISER_3-GOOD,COMBRIDGE,Comms Bridge,CRUISER,GOOD,17,11,2160000,,,3,,,,,,,,,,,,,,,,,,,,,,,
COMBRIDGE_6-BATTLECRUISER_1-BASIC,COMBRIDGE,Comms Bridge,BATTLECRUISER,BASIC,25,16,4860000,,,1,,,,,,,,,,,,,,,,,,,,,,,
COMBRIDGE_6-BATTLECRUISER_2-AVERAGE,COMBRIDGE,Comms Bridge,BATTLECRUISER,AVERAGE,25,16,4860000,,,2,,,,,,,,,,,,,,,,,,,,,,,
COMBRIDGE_6-BATTLECRUISER_3-GOOD,COMBRIDGE,Comms Bridge,BATTLECRUISER,GOOD,25,16,4860000,,,3,,,,,,,,,,,,,,,,,,,,,,,
COMBRIDGE_7-CARRIER_1-BASIC,COMBRIDGE,Comms Bridge,CARRIER,BASIC,37,24,10900000,,,1,,,,,,,,,,,,,,,,,,,,,,,
COMBRIDGE_7-CARRIER_2-AVERAGE,COMBRIDGE,Comms Bridge,CARRIER,AVERAGE,37,24,10900000,,,2,,,,,,,,,,,,,,,,,,,,,,,
COMBRIDGE_7-CARRIER_3-GOOD,COMBRIDGE,Comms Bridge,CARRIER,GOOD,37,24,10900000,,,3,,,,,,,,,,,,,,,,,,,,,,,
COMBRIDGE_8-NOVA_1-BASIC,COMBRIDGE,Comms Bridge,NOVA,BASIC,54,35,24500000,,,1,,,,,,,,,,,,,,,,,,,,,,,
COMBRIDGE_8-NOVA_2-AVERAGE,COMBRIDGE,Comms Bridge,NOVA,AVERAGE,54,35,24500000,,,2,,,,,,,,,,,,,,,,,,,,,,,
COMBRIDGE_8-NOVA_3-GOOD,COMBRIDGE,Comms Bridge,NOVA,GOOD,54,35,24500000,,,3,,,,,,,,,,,,,,,,,,,,,,,
AIRLOCKBRIDGE_3-CORVETTE_1-BASIC,AIRLOCKBRIDGE,Airlock Bridge,CORVETTE,BASIC,8,3,238000,,,,,,,,,,,1,,,,,,,,,,,,,,,
AIRLOCKBRIDGE_3-CORVETTE_2-AVERAGE,AIRLOCKBRIDGE,Airlock Bridge,CORVETTE,AVERAGE,8,3,238000,,,,,,,,,,,1,,,,,,,,,,,,,,,
AIRLOCKBRIDGE_3-CORVETTE_3-GOOD,AIRLOCKBRIDGE,Airlock Bridge,CORVETTE,GOOD,8,3,238000,,,,,,,,,,,1,,,,,,,,,,,,,,,
AIRLOCKBRIDGE_4-FRIGATE_1-BASIC,AIRLOCKBRIDGE,Airlock Bridge,FRIGATE,BASIC,12,5,535000,,,,,,,,,,,1,,,,,,,,,,,,,,,
AIRLOCKBRIDGE_4-FRIGATE_2-AVERAGE,AIRLOCKBRIDGE,Airlock Bridge,FRIGATE,AVERAGE,12,5,535000,,,,,,,,,,,1,,,,,,,,,,,,,,,
AIRLOCKBRIDGE_4-FRIGATE_3-GOOD,AIRLOCKBRIDGE,Airlock Bridge,FRIGATE,GOOD,12,5,535000,,,,,,,,,,,1,,,,,,,,,,,,,,,
AIRLOCKBRIDGE_5-CRUISER_1-BASIC,AIRLOCKBRIDGE,Airlock Bridge,CRUISER,BASIC,17,7,1200000,,,,,,,,,,,1,,,,,,,,,,,,,,,
AIRLOCKBRIDGE_5-CRUISER_2-AVERAGE,AIRLOCKBRIDGE,Airlock Bridge,CRUISER,AVERAGE,17,7,1200000,,,,,,,,,,,1,,,,,,,,,,,,,,,
AIRLOCKBRIDGE_5-CRUISER_3-GOOD,AIRLOCKBRIDGE,Airlock Bridge,CRUISER,GOOD,17,7,1200000,,,,,,,,,,,1,,,,,,,,,,,,,,,
AIRLOCKBRIDGE_6-BATTLECRUISER_1-BASIC,AIRLOCKBRIDGE,Airlock Bridge,BATTLECRUISER,BASIC,25,10,2700000,,,,,,,,,,,1,,,,,,,,,,,,,,,
AIRLOCKBRIDGE_6-BATTLECRUISER_2-AVERAGE,AIRLOCKBRIDGE,Airlock Bridge,BATTLECRUISER,AVERAGE,25,10,2700000,,,,,,,,,,,1,,,,,,,,,,,,,,,
AIRLOCKBRIDGE_6-BATTLECRUISER_3-GOOD,AIRLOCKBRIDGE,Airlock Bridge,BATTLECRUISER,GOOD,25,10,2700000,,,,,,,,,,,1,,,,,,,,,,,,,,,
AIRLOCKBRIDGE_7-CARRIER_1-BASIC,AIRLOCKBRIDGE,Airlock Bridge,CARRIER,BASIC,37,15,6060000,,,,,,,,,,,1,,,,,,,,,,,,,,,
AIRLOCKBRIDGE_7-CARRIER_2-AVERAGE,AIRLOCKBRIDGE,Airlock Bridge,CARRIER,AVERAGE,37,15,6060000,,,,,,,,,,,1,,,,,,,,,,,,,,,
AIRLOCKBRIDGE_7-CARRIER_3-GOOD,AIRLOCKBRIDGE,Airlock Bridge,CARRIER,GOOD,37,15,6060000,,,,,,,,,,,1,,,,,,,,,,,,,,,
AIRLOCKBRIDGE_8-NOVA_1-BASIC,AIRLOCKBRIDGE,Airlock Bridge,NOVA,BASIC,54,22,13600000,,,,,,,,,,,1,,,,,,,,,,,,,,,
AIRLOCKBRIDGE_8-NOVA_2-AVERAGE,AIRLOCKBRIDGE,Airlock Bridge,NOVA,AVERAGE,54,22,13600000,,,,,,,,,,,1,,,,,,,,,,,,,,,
AIRLOCKBRIDGE_8-NOVA_3-GOOD,AIRLOCKBRIDGE,Airlock Bridge,NOVA,GOOD,54,22,13600000,,,,,,,,,,,1,,,,,,,,,,,,,,,
INSTRUMENTS_1-DRONE_1-BASIC,INSTRUMENTS,Instruments,DRONE,BASIC,3,2,60000,,,,,,,,,,,,1,,100,200,,,,,,,,,,,
INSTRUMENTS_1-DRONE_2-AVERAGE,INSTRUMENTS,Instruments,DRONE,AVERAGE,3,2,60000,,,,,,,,,,,,2,,200,400,,,,,,,,,,,
INSTRUMENTS_1-DRONE_3-GOOD,INSTRUMENTS,Instruments,DRONE,GOOD,3,2,60000,,,,,,,,,,,,3,,300,600,,,,,,,,,,,
INSTRUMENTS_2-FIGHTER_1-BASIC,INSTRUMENTS,Instruments,FIGHTER,BASIC,5,3,120000,,,,,,,,,,,,1,,100,200,,,,,,,,,,,
INSTRUMENTS_2-FIGHTER_2-AVERAGE,INSTRUMENTS,Instruments,FIGHTER,AVERAGE,5,3,120000,,,,,,,,,,,,2,,200,400,,,,,,,,,,,
INSTRUMENTS_2-FIGHTER_3-GOOD,INSTRUMENTS,Instruments,FIGHTER,GOOD,5,3,120000,,,,,,,,,,,,3,,300,600,,,,,,,,,,,
INSTRUMENTS_3-CORVETTE_1-BASIC,INSTRUMENTS,Instruments,CORVETTE,BASIC,8,5,285000,,,,,,,,,,,,1,,100,200,,,,,,,,,,,
INSTRUMENTS_3-CORVETTE_2-AVERAGE,INSTRUMENTS,Instruments,CORVETTE,AVERAGE,8,5,285000,,,,,,,,,,,,2,,200,400,,,,,,,,,,,
INSTRUMENTS_3-CORVETTE_3-GOOD,INSTRUMENTS,Instruments,CORVETTE,GOOD,8,5,285000,,,,,,,,,,,,3,,300,600,,,,,,,,,,,
INSTRUMENTS_4-FRIGATE_1-BASIC,INSTRUMENTS,Instruments,FRIGATE,BASIC,12,8,640000,,,,,,,,,,,,1,,100,200,,,,,,,,,,,
INSTRUMENTS_4-FRIGATE_2-AVERAGE,INSTRUMENTS,Instruments,FRIGATE,AVERAGE,12,8,640000,,,,,,,,,,,,2,,200,400,,,,,,,,,,,
INSTRUMENTS_4-FRIGATE_3-GOOD,INSTRUMENTS,Instruments,FRIGATE,GOOD,12,8,640000,,,,,,,,,,,,3,,300,600,,,,,,,,,,,
INSTRUMENTS_5-CRUISER_1-BASIC,INSTRUMENTS,Instruments,CRUISER,BASIC,17,11,1430000,,,,,,,,,,,,1,,100,200,,,,,,,,,,,
INSTRUMENTS_5-CRUISER_2-AVERAGE,INSTRUMENTS,Instruments,CRUISER,AVERAGE,17,11,1430000,,,,,,,,,,,,2,,200,400,,,,,,,,,,,
INSTRUMENTS_5-CRUISER_3-GOOD,INSTRUMENTS,Instruments,CRUISER,GOOD,17,11,1430000,,,,,,,,,,,,3,,300,600,,,,,,,,,,,
INSTRUMENTS_6-BATTLECRUISER_1-BASIC,INSTRUMENTS,Instruments,BATTLECRUISER,BASIC,25,16,3220000,,,,,,,,,,,,1,,100,200,,,,,,,,,,,
INSTRUMENTS_6-BATTLECRUISER_2-AVERAGE,INSTRUMENTS,Instruments,BATTLECRUISER,AVERAGE,25,16,3220000,,,,,,,,,,,,2,,200,400,,,,,,,,,,,
INSTRUMENTS_6-BATTLECRUISER_3-GOOD,INSTRUMENTS,Instruments,BATTLECRUISER,GOOD,25,16,3220000,,,,,,,,,,,,3,,300,600,,,,,,,,,,,
INSTRUMENTS_7-CARRIER_1-BASIC,INSTRUMENTS,Instruments,CARRIER,BASIC,37,24,7230000,,,,,,,,,,,,1,,100,200,,,,,,,,,,,
INSTRUMENTS_7-CARRIER_2-AVERAGE,INSTRUMENTS,Instruments,CARRIER,AVERAGE,37,24,7230000,,,,,,,,,,,,2,,200,400,,,,,,,,,,,
INSTRUMENTS_7-CARRIER_3-GOOD,INSTRUMENTS,Instruments,CARRIER,GOOD,37,24,7230000,,,,,,,,,,,,3,,300,600,,,,,,,,,,,
INSTRUMENTS_8-NOVA_1-BASIC,INSTRUMENTS,Instruments,NOVA,BASIC,54,35,16250000,,,,,,,,,,,,1,,100,200,,,,,,,,,,,
INSTRUMENTS_8-NOVA_2-AVERAGE,INSTRUMENTS,Instruments,NOVA,AVERAGE,54,35,16250000,,,,,,,,,,,,2,,200,400,,,,,,,,,,,
INSTRUMENTS_8-NOVA_3-GOOD,INSTRUMENTS,Instruments,NOVA,GOOD,54,35,16250000,,,,,,,,,,,,3,,300,600,,,,,,,,,,,
RADAR_1-DRONE_1-BASIC,RADAR,Radar,DRONE,BASIC,2,1,40000,,,,,,,,,,,,1,100,50,,,,,,,,,,,,
RADAR_1-DRONE_2-AVERAGE,RADAR,Radar,DRONE,AVERAGE,2,1,40000,,,,,,,,,,,,2,150,75,,,,,,,,,,,,
RADAR_1-DRONE_3-GOOD,RADAR,Radar,DRONE,GOOD,2,1,40000,,,,,,,,,,,,3,200,100,,,,,,,,,,,,
RADAR_2-FIGHTER_1-BASIC,RADAR,Radar,FIGHTER,BASIC,3,2,80000,,,,,,,,,,,,1,100,50,,,,,,,,,,,,
RADAR_2-FIGHTER_2-AVERAGE,RADAR,Radar,FIGHTER,AVERAGE,3,2,80000,,,,,,,,,,,,2,150,75,,,,,,,,,,,,
RADAR_2-FIGHTER_3-GOOD,RADAR,Radar,FIGHTER,GOOD,3,2,80000,,,,,,,,,,,,3,200,100,,,,,,,,,,,,
RADAR_3-CORVETTE_1-BASIC,RADAR,Radar,CORVETTE,BASIC,5,3,190000,,,,,,,,,,,,1,100,50,,,,,,,,,,,,
RADAR_3-CORVETTE_2-AVERAGE,RADAR,Radar,CORVETTE,AVERAGE,5,3,190000,,,,,,,,,,,,2,150,75,,,,,,,,,,,,
RADAR_3-CORVETTE_3-GOOD,RADAR,Radar,CORVETTE,GOOD,5,3,190000,,,,,,,,,,,,3,200,100,,,,,,,,,,,,
RADAR_4-FRIGATE_1-BASIC,RADAR,Radar,FRIGATE,BASIC,8,5,430000,,,,,,,,,,,,1,100,50,,,,,,,,,,,,
RADAR_4-FRIGATE_2-AVERAGE,RADAR,Radar,FRIGATE,AVERAGE,8,5,430000,,,,,,,,,,,,2,150,75,,,,,,,,,,,,
RADAR_4-FRIGATE_3-GOOD,RADAR,Radar,FRIGATE,GOOD,8,5,430000,,,,,,,,,,,,3,200,100,,,,,,,,,,,,
RADAR_5-CRUISER_1-BASIC,RADAR,Radar,CRUISER,BASIC,11,7,960000,,,,,,,,,,,,1,100,50,,,,,,,,,,,,
RADAR_5-CRUISER_2-AVERAGE,RADAR,Radar,CRUISER,AVERAGE,11,7,960000,,,,,,,,,,,,2,150,75,,,,,,,,,,,,
RADAR_5-CRUISER_3-GOOD,RADAR,Radar,CRUISER,GOOD,11,7,960000,,,,,,,,,,,,3,200,100,,,,,,,,,,,,
RADAR_6-BATTLECRUISER_1-BASIC,RADAR,Radar,BATTLECRUISER,BASIC,16,10,2160000,,,,,,,,,,,,1,100,50,,,,,,,,,,,,
RADAR_6-BATTLECRUISER_2-AVERAGE,RADAR,Radar,BATTLECRUISER,AVERAGE,16,10,2160000,,,,,,,,,,,,2,150,75,,,,,,,,,,,,
RADAR_6-BATTLECRUISER_3-GOOD,RADAR,Radar,BATTLECRUISER,GOOD,16,10,2160000,,,,,,,,,,,,3,200,100,,,,,,,,,,,,
RADAR_7-CARRIER_1-BASIC,RADAR,Radar,CARRIER,BASIC,24,15,4850000,,,,,,,,,,,,1,100,50,,,,,,,,,,,,
RADAR_7-CARRIER_2-AVERAGE,RADAR,Radar,CARRIER,AVERAGE,24,15,4850000,,,,,,,,,,,,2,150,75,,,,,,,,,,,,
RADAR_7-CARRIER_3-GOOD,RADAR,Radar,CARRIER,GOOD,24,15,4850000,,,,,,,,,,,,3,200,100,,,,,,,,,,,,
RADAR_8-NOVA_1-BASIC,RADAR,Radar,NOVA,BASIC,35,22,10900000,,,,,,,,,,,,1,100,50,,,,,,,,,,,,
RADAR_8-NOVA_2-AVERAGE,RADAR,Radar,NOVA,AVERAGE,35,22,10900000,,,,,,,,,,,,2,150,75,,,,,,,,,,,,
RADAR_8-NOVA_3-GOOD,RADAR,Radar,NOVA,GOOD,35,22,10900000,,,,,,,,,,,,3,200,100,,,,,,,,,,,,
RADAR_COMBAT_1-DRONE_1-BASIC,RADAR_COMBAT,Combat Radar,DRONE,BASIC,2,1,60000,,,,,,,,,,,,0,300,3000,9000,,,,,,,,,,,
RADAR_COMBAT_1-DRONE_2-AVERAGE,RADAR_COMBAT,Combat Radar,DRONE,AVERAGE,2,1,60000,,,,,,,,,,,,1,300,3000,9000,,,,,,,,,,,
RADAR_COMBAT_1-DRONE_3-GOOD,RADAR_COMBAT,Combat Radar,DRONE,GOOD,2,1,60000,,,,,,,,,,,,2,300,3000,9000,,,,,,,,,,,
RADAR_COMBAT_2-FIGHTER_1-BASIC,RADAR_COMBAT,Combat Radar,FIGHTER,BASIC,3,2,120000,,,,,,,,,,,,0,300,3000,9000,,,,,,,,,,,
RADAR_COMBAT_2-FIGHTER_2-AVERAGE,RADAR_COMBAT,Combat Radar,FIGHTER,AVERAGE,3,2,120000,,,,,,,,,,,,1,300,3000,9000,,,,,,,,,,,
RADAR_COMBAT_2-FIGHTER_3-GOOD,RADAR_COMBAT,Combat Radar,FIGHTER,GOOD,3,2,120000,,,,,,,,,,,,2,300,3000,9000,,,,,,,,,,,
RADAR_COMBAT_3-CORVETTE_1-BASIC,RADAR_COMBAT,Combat Radar,CORVETTE,BASIC,5,3,285000,,,,,,,,,,,,0,300,3000,9000,,,,,,,,,,,
RADAR_COMBAT_3-CORVETTE_2-AVERAGE,RADAR_COMBAT,Combat Radar,CORVETTE,AVERAGE,5,3,285000,,,,,,,,,,,,1,300,3000,9000,,,,,,,,,,,
RADAR_COMBAT_3-CORVETTE_3-GOOD,RADAR_COMBAT,Combat Radar,CORVETTE,GOOD,5,3,285000,,,,,,,,,,,,2,300,3000,9000,,,,,,,,,,,
RADAR_COMBAT_4-FRIGATE_1-BASIC,RADAR_COMBAT,Combat Radar,FRIGATE,BASIC,8,5,640000,,,,,,,,,,,,0,300,3000,9000,,,,,,,,,,,
RADAR_COMBAT_4-FRIGATE_2-AVERAGE,RADAR_COMBAT,Combat Radar,FRIGATE,AVERAGE,8,5,640000,,,,,,,,,,,,1,300,3000,9000,,,,,,,,,,,
RADAR_COMBAT_4-FRIGATE_3-GOOD,RADAR_COMBAT,Combat Radar,FRIGATE,GOOD,8,5,640000,,,,,,,,,,,,2,300,3000,9000,,,,,,,,,,,
RADAR_COMBAT_5-CRUISER_1-BASIC,RADAR_COMBAT,Combat Radar,CRUISER,BASIC,11,7,1430000,,,,,,,,,,,,0,300,3000,9000,,,,,,,,,,,
RADAR_COMBAT_5-CRUISER_2-AVERAGE,RADAR_COMBAT,Combat Radar,CRUISER,AVERAGE,11,7,1430000,,,,,,,,,,,,1,300,3000,9000,,,,,,,,,,,
RADAR_COMBAT_5-CRUISER_3-GOOD,RADAR_COMBAT,Combat Radar,CRUISER,GOOD,11,7,1430000,,,,,,,,,,,,2,300,3000,9000,,,,,,,,,,,
RADAR_COMBAT_6-BATTLECRUISER_1-BASIC,RADAR_COMBAT,Combat Radar,BATTLECRUISER,BASIC,16,10,3220000,,,,,,,,,,,,0,300,3000,9000,,,,,,,,,,,
RADAR_COMBAT_6-BATTLECRUISER_2-AVERAGE,RADAR_COMBAT,Combat Radar,BATTLECRUISER,AVERAGE,16,10,3220000,,,,,,,,,,,,1,300,3000,9000,,,,,,,,,,,
RADAR_COMBAT_6-BATTLECRUISER_3-GOOD,RADAR_COMBAT,Combat Radar,BATTLECRUISER,GOOD,16,10,3220000,,,,,,,,,,,,2,300,3000,9000,,,,,,,,,,,
RADAR_COMBAT_7-CARRIER_1-BASIC,RADAR_COMBAT,Combat Radar,CARRIER,BASIC,24,15,7230000,,,,,,,,,,,,0,300,3000,9000,,,,,,,,,,,
RADAR_COMBAT_7-CARRIER_2-AVERAGE,RADAR_COMBAT,Combat Radar,CARRIER,AVERAGE,24,15,7230000,,,,,,,,,,,,1,300,3000,9000,,,,,,,,,,,
RADAR_COMBAT_7-CARRIER_3-GOOD,RADAR_COMBAT,Combat Radar,CARRIER,GOOD,24,15,7230000,,,,,,,,,,,,2,300,3000,9000,,,,,,,,,,,
RADAR_COMBAT_8-NOVA_1-BASIC,RADAR_COMBAT,Combat Radar,NOVA,BASIC,35,22,16250000,,,,,,,,,,,,0,300,3000,9000,,,,,,,,,,,
RADAR_COMBAT_8-NOVA_2-AVERAGE,RADAR_COMBAT,Combat Radar,NOVA,AVERAGE,35,22,16250000,,,,,,,,,,,,1,300,3000,9000,,,,,,,,,,,
RADAR_COMBAT_8-NOVA_3-GOOD,RADAR_COMBAT,Combat Radar,NOVA,GOOD,35,22,16250000,,,,,,,,,,,,2,300,3000,9000,,,,,,,,,,,
RADAR_DEEPSPACE_1-DRONE_1-BASIC,RADAR_DEEPSPACE,Deep Space Radar,DRONE,BASIC,2,1,80000,,,,,,,,,,,,2,50,5000,50000,,,,,,,,,,,
RADAR_DEEPSPACE_1-DRONE_2-AVERAGE,RADAR_DEEPSPACE,Deep Space Radar,DRONE,AVERAGE,2,1,80000,,,,,,,,,,,,3,50,5000,50000,,,,,,,,,,,
RADAR_DEEPSPACE_1-DRONE_3-GOOD,RADAR_DEEPSPACE,Deep Space Radar,DRONE,GOOD,2,1,80000,,,,,,,,,,,,4,50,5000,50000,,,,,,,,,,,
RADAR_DEEPSPACE_2-FIGHTER_1-BASIC,RADAR_DEEPSPACE,Deep Space Radar,FIGHTER,BASIC,3,2,160000,,,,,,,,,,,,2,50,5000,50000,,,,,,,,,,,
RADAR_DEEPSPACE_2-FIGHTER_2-AVERAGE,RADAR_DEEPSPACE,Deep Space Radar,FIGHTER,AVERAGE,3,2,160000,,,,,,,,,,,,3,50,5000,50000,,,,,,,,,,,
RADAR_DEEPSPACE_2-FIGHTER_3-GOOD,RADAR_DEEPSPACE,Deep Space Radar,FIGHTER,GOOD,3,2,160000,,,,,,,,,,,,4,50,5000,50000,,,,,,,,,,,
RADAR_DEEPSPACE_3-CORVETTE_1-BASIC,RADAR_DEEPSPACE,Deep Space Radar,CORVETTE,BASIC,5,3,380000,,,,,,,,,,,,2,50,5000,50000,,,,,,,,,,,
RADAR_DEEPSPACE_3-CORVETTE_2-AVERAGE,RADAR_DEEPSPACE,Deep Space Radar,CORVETTE,AVERAGE,5,3,380000,,,,,,,,,,,,3,50,5000,50000,,,,,,,,,,,
RADAR_DEEPSPACE_3-CORVETTE_3-GOOD,RADAR_DEEPSPACE,Deep Space Radar,CORVETTE,GOOD,5,3,380000,,,,,,,,,,,,4,50,5000,50000,,,,,,,,,,,
RADAR_DEEPSPACE_4-FRIGATE_1-BASIC,RADAR_DEEPSPACE,Deep Space Radar,FRIGATE,BASIC,8,5,850000,,,,,,,,,,,,2,50,5000,50000,,,,,,,,,,,
RADAR_DEEPSPACE_4-FRIGATE_2-AVERAGE,RADAR_DEEPSPACE,Deep Space Radar,FRIGATE,AVERAGE,8,5,850000,,,,,,,,,,,,3,50,5000,50000,,,,,,,,,,,
RADAR_DEEPSPACE_4-FRIGATE_3-GOOD,RADAR_DEEPSPACE,Deep Space Radar,FRIGATE,GOOD,8,5,850000,,,,,,,,,,,,4,50,5000,50000,,,,,,,,,,,
RADAR_DEEPSPACE_5-CRUISER_1-BASIC,RADAR_DEEPSPACE,Deep Space Radar,CRUISER,BASIC,11,7,1900000,,,,,,,,,,,,2,50,5000,50000,,,,,,,,,,,
RADAR_DEEPSPACE_5-CRUISER_2-AVERAGE,RADAR_DEEPSPACE,Deep Space Radar,CRUISER,AVERAGE,11,7,1900000,,,,,,,,,,,,3,50,5000,50000,,,,,,,,,,,
RADAR_DEEPSPACE_5-CRUISER_3-GOOD,RADAR_DEEPSPACE,Deep Space Radar,CRUISER,GOOD,11,7,1900000,,,,,,,,,,,,4,50,5000,50000,,,,,,,,,,,
RADAR_DEEPSPACE_6-BATTLECRUISER_1-BASIC,RADAR_DEEPSPACE,Deep Space Radar,BATTLECRUISER,BASIC,16,10,4300000,,,,,,,,,,,,2,50,5000,50000,,,,,,,,,,,
RADAR_DEEPSPACE_6-BATTLECRUISER_2-AVERAGE,RADAR_DEEPSPACE,Deep Space Radar,BATTLECRUISER,AVERAGE,16,10,4300000,,,,,,,,,,,,3,50,5000,50000,,,,,,,,,,,
RADAR_DEEPSPACE_6-BATTLECRUISER_3-GOOD,RADAR_DEEPSPACE,Deep Space Radar,BATTLECRUISER,GOOD,16,10,4300000,,,,,,,,,,,,4,50,5000,50000,,,,,,,,,,,
RADAR_DEEPSPACE_7-CARRIER_1-BASIC,RADAR_DEEPSPACE,Deep Space Radar,CARRIER,BASIC,24,15,9600000,,,,,,,,,,,,2,50,5000,50000,,,,,,,,,,,
RADAR_DEEPSPACE_7-CARRIER_2-AVERAGE,RADAR_DEEPSPACE,Deep Space Radar,CARRIER,AVERAGE,24,15,9600000,,,,,,,,,,,,3,50,5000,50000,,,,,,,,,,,
RADAR_DEEPSPACE_7-CARRIER_3-GOOD,RADAR_DEEPSPACE,Deep Space Radar,CARRIER,GOOD,24,15,9600000,,,,,,,,,,,,4,50,5000,50000,,,,,,,,,,,
RADAR_DEEPSPACE_8-NOVA_1-BASIC,RADAR_DEEPSPACE,Deep Space Radar,NOVA,BASIC,35,22,21500000,,,,,,,,,,,,2,50,5000,50000,,,,,,,,,,,
RADAR_DEEPSPACE_8-NOVA_2-AVERAGE,RADAR_DEEPSPACE,Deep Space Radar,NOVA,AVERAGE,35,22,21500000,,,,,,,,,,,,3,50,5000,50000,,,,,,,,,,,
RADAR_DEEPSPACE_8-NOVA_3-GOOD,RADAR_DEEPSPACE,Deep Space Radar,NOVA,GOOD,35,22,21500000,,,,,,,,,,,,4,50,5000,50000,,,,,,,,,,,
ENGINEERING_3-CORVETTE_1-BASIC,ENGINEERING,Engineering,CORVETTE,BASIC,8,5,285000,,,,,,,,,,,,,,,,,,1,,,,,,,,
ENGINEERING_3-CORVETTE_2-AVERAGE,ENGINEERING,Engineering,CORVETTE,AVERAGE,8,5,285000,,,,,,,,,,,,,,,,,,2,,,,,,,,
ENGINEERING_3-CORVETTE_3-GOOD,ENGINEERING,Engineering,CORVETTE,GOOD,8,5,285000,,,,,,,,,,,,,,,,,,3,,,,,,,,
ENGINEERING_4-FRIGATE_1-BASIC,ENGINEERING,Engineering,FRIGATE,BASIC,12,8,640000,,,,,,,,,,,,,,,,,,1,,,,,,,,
ENGINEERING_4-FRIGATE_2-AVERAGE,ENGINEERING,Engineering,FRIGATE,AVERAGE,12,8,640000,,,,,,,,,,,,,,,,,,2,,,,,,,,
ENGINEERING_4-FRIGATE_3-GOOD,ENGINEERING,Engineering,FRIGATE,GOOD,12,8,640000,,,,,,,,,,,,,,,,,,3,,,,,,,,
ENGINEERING_5-CRUISER_1-BASIC,ENGINEERING,Engineering,CRUISER,BASIC,17,11,1430000,,,,,,,,,,,,,,,,,,1,,,,,,,,
ENGINEERING_5-CRUISER_2-AVERAGE,ENGINEERING,Engineering,CRUISER,AVERAGE,17,11,1430000,,,,,,,,,,,,,,,,,,2,,,,,,,,
ENGINEERING_5-CRUISER_3-GOOD,ENGINEERING,Engineering,CRUISER,GOOD,17,11,1430000,,,,,,,,,,,,,,,,,,3,,,,,,,,
ENGINEERING_6-BATTLECRUISER_1-BASIC,ENGINEERING,Engineering,BATTLECRUISER,BASIC,25,16,3220000,,,,,,,,,,,,,,,,,,1,,,,,,,,
ENGINEERING_6-BATTLECRUISER_2-AVERAGE,ENGINEERING,Engineering,BATTLECRUISER,AVERAGE,25,16,3220000,,,,,,,,,,,,,,,,,,2,,,,,,,,
ENGINEERING_6-BATTLECRUISER_3-GOOD,ENGINEERING,Engineering,BATTLECRUISER,GOOD,25,16,3220000,,,,,,,,,,,,,,,,,,3,,,,,,,,
ENGINEERING_7-CARRIER_1-BASIC,ENGINEERING,Engineering,CARRIER,BASIC,37,24,7230000,,,,,,,,,,,,,,,,,,1,,,,,,,,
ENGINEERING_7-CARRIER_2-AVERAGE,ENGINEERING,Engineering,CARRIER,AVERAGE,37,24,7230000,,,,,,,,,,,,,,,,,,2,,,,,,,,
ENGINEERING_7-CARRIER_3-GOOD,ENGINEERING,Engineering,CARRIER,GOOD,37,24,7230000,,,,,,,,,,,,,,,,,,3,,,,,,,,
ENGINEERING_8-NOVA_1-BASIC,ENGINEERING,Engineering,NOVA,BASIC,54,35,16250000,,,,,,,,,,,,,,,,,,1,,,,,,,,
ENGINEERING_8-NOVA_2-AVERAGE,ENGINEERING,Engineering,NOVA,AVERAGE,54,35,16250000,,,,,,,,,,,,,,,,,,2,,,,,,,,
ENGINEERING_8-NOVA_3-GOOD,ENGINEERING,Engineering,NOVA,GOOD,54,35,16250000,,,,,,,,,,,,,,,,,,3,,,,,,,,
CONSTRUCTION_3-CORVETTE_1-BASIC,CONSTRUCTION,Construction Arms,CORVETTE,BASIC,8,5,380000,,,,,,,,,,,,,,,,,,1,,,,,,,,
CONSTRUCTION_3-CORVETTE_2-AVERAGE,CONSTRUCTION,Construction Arms,CORVETTE,AVERAGE,8,5,380000,,,,,,,,,,,,,,,,,,2,,,,,,,,
CONSTRUCTION_3-CORVETTE_3-GOOD,CONSTRUCTION,Construction Arms,CORVETTE,GOOD,8,5,380000,,,,,,,,,,,,,,,,,,3,,,,,,,,
CONSTRUCTION_4-FRIGATE_1-BASIC,CONSTRUCTION,Construction Arms,FRIGATE,BASIC,12,8,850000,,,,,,,,,,,,,,,,,,1,,,,,,,,
CONSTRUCTION_4-FRIGATE_2-AVERAGE,CONSTRUCTION,Construction Arms,FRIGATE,AVERAGE,12,8,850000,,,,,,,,,,,,,,,,,,2,,,,,,,,
CONSTRUCTION_4-FRIGATE_3-GOOD,CONSTRUCTION,Construction Arms,FRIGATE,GOOD,12,8,850000,,,,,,,,,,,,,,,,,,3,,,,,,,,
CONSTRUCTION_5-CRUISER_1-BASIC,CONSTRUCTION,Construction Arms,CRUISER,BASIC,17,11,1900000,,,,,,,,,,,,,,,,,,1,,,,,,,,
CONSTRUCTION_5-CRUISER_2-AVERAGE,CONSTRUCTION,Construction Arms,CRUISER,AVERAGE,17,11,1900000,,,,,,,,,,,,,,,,,,2,,,,,,,,
CONSTRUCTION_5-CRUISER_3-GOOD,CONSTRUCTION,Construction Arms,CRUISER,GOOD,17,11,1900000,,,,,,,,,,,,,,,,,,3,,,,,,,,
CONSTRUCTION_6-BATTLECRUISER_1-BASIC,CONSTRUCTION,Construction Arms,BATTLECRUISER,BASIC,25,16,4300000,,,,,,,,,,,,,,,,,,1,,,,,,,,
CONSTRUCTION_6-BATTLECRUISER_2-AVERAGE,CONSTRUCTION,Construction Arms,BATTLECRUISER,AVERAGE,25,16,4300000,,,,,,,,,,,,,,,,,,2,,,,,,,,
CONSTRUCTION_6-BATTLECRUISER_3-GOOD,CONSTRUCTION,Construction Arms,BATTLECRUISER,GOOD,25,16,4300000,,,,,,,,,,,,,,,,,,3,,,,,,,,
CONSTRUCTION_7-CARRIER_1-BASIC,CONSTRUCTION,Construction Arms,CARRIER,BASIC,37,24,9600000,,,,,,,,,,,,,,,,,,1,,,,,,,,
CONSTRUCTION_7-CARRIER_2-AVERAGE,CONSTRUCTION,Construction Arms,CARRIER,AVERAGE,37,24,9600000,,,,,,,,,,,,,,,,,,2,,,,,,,,
CONSTRUCTION_7-CARRIER_3-GOOD,CONSTRUCTION,Construction Arms,CARRIER,GOOD,37,24,9600000,,,,,,,,,,,,,,,,,,3,,,,,,,,
CONSTRUCTION_8-NOVA_1-BASIC,CONSTRUCTION,Construction Arms,NOVA,BASIC,54,35,21500000,,,,,,,,,,,,,,,,,,1,,,,,,,,
CONSTRUCTION_8-NOVA_2-AVERAGE,CONSTRUCTION,Construction Arms,NOVA,AVERAGE,54,35,21500000,,,,,,,,,,,,,,,,,,2,,,,,,,,
CONSTRUCTION_8-NOVA_3-GOOD,CONSTRUCTION,Construction Arms,NOVA,GOOD,54,35,21500000,,,,,,,,,,,,,,,,,,3,,,,,,,,
JUMPDRIVE_3-CORVETTE_1-BASIC,JUMPDRIVE,Jump Drive,CORVETTE,BASIC,13,0,1430000,,,,,,,,,,,,,,,,1,5,,,,,,,,,
JUMPDRIVE_3-CORVETTE_2-AVERAGE,JUMPDRIVE,Jump Drive,CORVETTE,AVERAGE,13,0,1430000,,,,,,,,,,,,,,,,2,5,,,,,,,,,
JUMPDRIVE_3-CORVETTE_3-GOOD,JUMPDRIVE,Jump Drive,CORVETTE,GOOD,13,0,1430000,,,,,,,,,,,,,,,,3,5,,,,,,,,,
JUMPDRIVE_4-FRIGATE_1-BASIC,JUMPDRIVE,Jump Drive,FRIGATE,BASIC,20,0,3200000,,,,,,,,,,,,,,,,1,5,,,,,,,,,
JUMPDRIVE_4-FRIGATE_2-AVERAGE,JUMPDRIVE,Jump Drive,FRIGATE,AVERAGE,20,0,3200000,,,,,,,,,,,,,,,,2,5,,,,,,,,,
JUMPDRIVE_4-FRIGATE_3-GOOD,JUMPDRIVE,Jump Drive,FRIGATE,GOOD,20,0,3200000,,,,,,,,,,,,,,,,3,5,,,,,,,,,
JUMPDRIVE_5-CRUISER_1-BASIC,JUMPDRIVE,Jump Drive,CRUISER,BASIC,30,0,7200000,,,,,,,,,,,,,,,,1,5,,,,,,,,,
JUMPDRIVE_5-CRUISER_2-AVERAGE,JUMPDRIVE,Jump Drive,CRUISER,AVERAGE,30,0,7200000,,,,,,,,,,,,,,,,2,5,,,,,,,,,
JUMPDRIVE_5-CRUISER_3-GOOD,JUMPDRIVE,Jump Drive,CRUISER,GOOD,30,0,7200000,,,,,,,,,,,,,,,,3,5,,,,,,,,,
JUMPDRIVE_6-BATTLECRUISER_1-BASIC,JUMPDRIVE,Jump Drive,BATTLECRUISER,BASIC,44,0,16200000,,,,,,,,,,,,,,,,1,5,,,,,,,,,
JUMPDRIVE_6-BATTLECRUISER_2-AVERAGE,JUMPDRIVE,Jump Drive,BATTLECRUISER,AVERAGE,44,0,16200000,,,,,,,,,,,,,,,,2,5,,,,,,,,,
JUMPDRIVE_6-BATTLECRUISER_3-GOOD,JUMPDRIVE,Jump Drive,BATTLECRUISER,GOOD,44,0,16200000,,,,,,,,,,,,,,,,3,5,,,,,,,,,
JUMPDRIVE_7-CARRIER_1-BASIC,JUMPDRIVE,Jump Drive,CARRIER,BASIC,65,0,36400000,,,,,,,,,,,,,,,,1,5,,,,,,,,,
JUMPDRIVE_7-CARRIER_2-AVERAGE,JUMPDRIVE,Jump Drive,CARRIER,AVERAGE,65,0,36400000,,,,,,,,,,,,,,,,2,5,,,,,,,,,
JUMPDRIVE_7-CARRIER_3-GOOD,JUMPDRIVE,Jump Drive,CARRIER,GOOD,65,0,36400000,,,,,,,,,,,,,,,,3,5,,,,,,,,,
JUMPDRIVE_8-NOVA_1-BASIC,JUMPDRIVE,Jump Drive,NOVA,BASIC,95,0,81800000,,,,,,,,,,,,,,,,1,5,,,,,,,,,
JUMPDRIVE_8-NOVA_2-AVERAGE,JUMPDRIVE,Jump Drive,NOVA,AVERAGE,95,0,81800000,,,,,,,,,,,,,,,,2,5,,,,,,,,,
JUMPDRIVE_8-NOVA_3-GOOD,JUMPDRIVE,Jump Drive,NOVA,GOOD,95,0,81800000,,,,,,,,,,,,,,,,3,5,,,,,,,,,
ENERGYTANK_1-DRONE_1-BASIC,ENERGYTANK,Energy Tank,DRONE,BASIC,3,0,40000,,,,,,,,,,,,,,,,,,,,,,10,,,,
ENERGYTANK_1-DRONE_2-AVERAGE,ENERGYTANK,Energy Tank,DRONE,AVERAGE,3,0,40000,,,,,,,,,,,,,,,,,,,,,,20,,,,
ENERGYTANK_1-DRONE_3-GOOD,ENERGYTANK,Energy Tank,DRONE,GOOD,3,0,40000,,,,,,,,,,,,,,,,,,,,,,30,,,,
ENERGYTANK_2-FIGHTER_1-BASIC,ENERGYTANK,Energy Tank,FIGHTER,BASIC,5,0,80000,,,,,,,,,,,,,,,,,,,,,,10,,,,
ENERGYTANK_2-FIGHTER_2-AVERAGE,ENERGYTANK,Energy Tank,FIGHTER,AVERAGE,5,0,80000,,,,,,,,,,,,,,,,,,,,,,20,,,,
ENERGYTANK_2-FIGHTER_3-GOOD,ENERGYTANK,Energy Tank,FIGHTER,GOOD,5,0,80000,,,,,,,,,,,,,,,,,,,,,,30,,,,
ENERGYTANK_3-CORVETTE_1-BASIC,ENERGYTANK,Energy Tank,CORVETTE,BASIC,8,0,190000,,,,,,,,,,,,,,,,,,,,,,10,,,,
ENERGYTANK_3-CORVETTE_2-AVERAGE,ENERGYTANK,Energy Tank,CORVETTE,AVERAGE,8,0,190000,,,,,,,,,,,,,,,,,,,,,,20,,,,
ENERGYTANK_3-CORVETTE_3-GOOD,ENERGYTANK,Energy Tank,CORVETTE,GOOD,8,0,190000,,,,,,,,,,,,,,,,,,,,,,30,,,,
ENERGYTANK_4-FRIGATE_1-BASIC,ENERGYTANK,Energy Tank,FRIGATE,BASIC,12,0,430000,,,,,,,,,,,,,,,,,,,,,,10,,,,
ENERGYTANK_4-FRIGATE_2-AVERAGE,ENERGYTANK,Energy Tank,FRIGATE,AVERAGE,12,0,430000,,,,,,,,,,,,,,,,,,,,,,20,,,,
ENERGYTANK_4-FRIGATE_3-GOOD,ENERGYTANK,Energy Tank,FRIGATE,GOOD,12,0,430000,,,,,,,,,,,,,,,,,,,,,,30,,,,
ENERGYTANK_5-CRUISER_1-BASIC,ENERGYTANK,Energy Tank,CRUISER,BASIC,17,0,960000,,,,,,,,,,,,,,,,,,,,,,10,,,,
ENERGYTANK_5-CRUISER_2-AVERAGE,ENERGYTANK,Energy Tank,CRUISER,AVERAGE,17,0,960000,,,,,,,,,,,,,,,,,,,,,,20,,,,
ENERGYTANK_5-CRUISER_3-GOOD,ENERGYTANK,Energy Tank,CRUISER,GOOD,17,0,960000,,,,,,,,,,,,,,,,,,,,,,30,,,,
ENERGYTANK_6-BATTLECRUISER_1-BASIC,ENERGYTANK,Energy Tank,BATTLECRUISER,BASIC,25,0,2160000,,,,,,,,,,,,,,,,,,,,,,10,,,,
ENERGYTANK_6-BATTLECRUISER_2-AVERAGE,ENERGYTANK,Energy Tank,BATTLECRUISER,AVERAGE,25,0,2160000,,,,,,,,,,,,,,,,,,,,,,20,,,,
ENERGYTANK_6-BATTLECRUISER_3-GOOD,ENERGYTANK,Energy Tank,BATTLECRUISER,GOOD,25,0,2160000,,,,,,,,,,,,,,,,,,,,,,30,,,,
ENERGYTANK_7-CARRIER_1-BASIC,ENERGYTANK,Energy Tank,CARRIER,BASIC,37,0,4850000,,,,,,,,,,,,,,,,,,,,,,10,,,,
ENERGYTANK_7-CARRIER_2-AVERAGE,ENERGYTANK,Energy Tank,CARRIER,AVERAGE,37,0,4850000,,,,,,,,,,,,,,,,,,,,,,20,,,,
ENERGYTANK_7-CARRIER_3-GOOD,ENERGYTANK,Energy Tank,CARRIER,GOOD,37,0,4850000,,,,,,,,,,,,,,,,,,,,,,30,,,,
ENERGYTANK_8-NOVA_1-BASIC,ENERGYTANK,Energy Tank,NOVA,BASIC,54,0,10900000,,,,,,,,,,,,,,,,,,,,,,10,,,,
ENERGYTANK_8-NOVA_2-AVERAGE,ENERGYTANK,Energy Tank,NOVA,AVERAGE,54,0,10900000,,,,,,,,,,,,,,,,,,,,,,20,,,,
ENERGYTANK_8-NOVA_3-GOOD,ENERGYTANK,Energy Tank,NOVA,GOOD,54,0,10900000,,,,,,,,,,,,,,,,,,,,,,30,,,,
FUELTANK_1-DRONE_1-BASIC,FUELTANK,Fuel Tank,DRONE,BASIC,3,0,30000,,,,,,,,,,,,,,,,,,,,,100,,,,,
FUELTANK_1-DRONE_2-AVERAGE,FUELTANK,Fuel Tank,DRONE,AVERAGE,3,0,30000,,,,,,,,,,,,,,,,,,,,,200,,,,,
FUELTANK_1-DRONE_3-GOOD,FUELTANK,Fuel Tank,DRONE,GOOD,3,0,30000,,,,,,,,,,,,,,,,,,,,,300,,,,,
FUELTANK_2-FIGHTER_1-BASIC,FUELTANK,Fuel Tank,FIGHTER,BASIC,5,0,60000,,,,,,,,,,,,,,,,,,,,,100,,,,,
FUELTANK_2-FIGHTER_2-AVERAGE,FUELTANK,Fuel Tank,FIGHTER,AVERAGE,5,0,60000,,,,,,,,,,,,,,,,,,,,,200,,,,,
FUELTANK_2-FIGHTER_3-GOOD,FUELTANK,Fuel Tank,FIGHTER,GOOD,5,0,60000,,,,,,,,,,,,,,,,,,,,,300,,,,,
FUELTANK_3-CORVETTE_1-BASIC,FUELTANK,Fuel Tank,CORVETTE,BASIC,8,0,143000,,,,,,,,,,,,,,,,,,,,,100,,,,,
FUELTANK_3-CORVETTE_2-AVERAGE,FUELTANK,Fuel Tank,CORVETTE,AVERAGE,8,0,143000,,,,,,,,,,,,,,,,,,,,,200,,,,,
FUELTANK_3-CORVETTE_3-GOOD,FUELTANK,Fuel Tank,CORVETTE,GOOD,8,0,143000,,,,,,,,,,,,,,,,,,,,,300,,,,,
FUELTANK_4-FRIGATE_1-BASIC,FUELTANK,Fuel Tank,FRIGATE,BASIC,12,0,320000,,,,,,,,,,,,,,,,,,,,,100,,,,,
FUELTANK_4-FRIGATE_2-AVERAGE,FUELTANK,Fuel Tank,FRIGATE,AVERAGE,12,0,320000,,,,,,,,,,,,,,,,,,,,,200,,,,,
FUELTANK_4-FRIGATE_3-GOOD,FUELTANK,Fuel Tank,FRIGATE,GOOD,12,0,320000,,,,,,,,,,,,,,,,,,,,,300,,,,,
FUELTANK_5-CRUISER_1-BASIC,FUELTANK,Fuel Tank,CRUISER,BASIC,17,0,720000,,,,,,,,,,,,,,,,,,,,,100,,,,,
FUELTANK_5-CRUISER_2-AVERAGE,FUELTANK,Fuel Tank,CRUISER,AVERAGE,17,0,720000,,,,,,,,,,,,,,,,,,,,,200,,,,,
FUELTANK_5-CRUISER_3-GOOD,FUELTANK,Fuel Tank,CRUISER,GOOD,17,0,720000,,,,,,,,,,,,,,,,,,,,,300,,,,,
FUELTANK_6-BATTLECRUISER_1-BASIC,FUELTANK,Fuel Tank,BATTLECRUISER,BASIC,25,0,1620000,,,,,,,,,,,,,,,,,,,,,100,,,,,
FUELTANK_6-BATTLECRUISER_2-AVERAGE,FUELTANK,Fuel Tank,BATTLECRUISER,AVERAGE,25,0,1620000,,,,,,,,,,,,,,,,,,,,,200,,,,,
FUELTANK_6-BATTLECRUISER_3-GOOD,FUELTANK,Fuel Tank,BATTLECRUISER,GOOD,25,0,1620000,,,,,,,,,,,,,,,,,,,,,300,,,,,
FUELTANK_7-CARRIER_1-BASIC,FUELTANK,Fuel Tank,CARRIER,BASIC,37,0,3640000,,,,,,,,,,,,,,,,,,,,,100,,,,,
FUELTANK_7-CARRIER_2-AVERAGE,FUELTANK,Fuel Tank,CARRIER,AVERAGE,37,0,3640000,,,,,,,,,,,,,,,,,,,,,200,,,,,
FUELTANK_7-CARRIER_3-GOOD,FUELTANK,Fuel Tank,CARRIER,GOOD,37,0,3640000,,,,,,,,,,,,,,,,,,,,,300,,,,,
FUELTANK_8-NOVA_1-BASIC,FUELTANK,Fuel Tank,NOVA,BASIC,54,0,8180000,,,,,,,,,,,,,,,,,,,,,100,,,,,
FUELTANK_8-NOVA_2-AVERAGE,FUELTANK,Fuel Tank,NOVA,AVERAGE,54,0,8180000,,,,,,,,,,,,,,,,,,,,,200,,,,,
FUELTANK_8-NOVA_3-GOOD,FUELTANK,Fuel Tank,NOVA,GOOD,54,0,8180000,,,,,,,,,,,,,,,,,,,,,300,,,,,
LIFESUPPORT_2-FIGHTER_1-BASIC,LIFESUPPORT,Life Support,FIGHTER,BASIC,5,3,100000,,,,,,,,,,,,,,,,,,,5,720,,,,,,
LIFESUPPORT_2-FIGHTER_2-AVERAGE,LIFESUPPORT,Life Support,FIGHTER,AVERAGE,5,3,100000,,,,,,,,,,,,,,,,,,,10,8760,,,,,,
LIFESUPPORT_2-FIGHTER_3-GOOD,LIFESUPPORT,Life Support,FIGHTER,GOOD,5,3,100000,,,,,,,,,,,,,,,,,,,15,16800,,,,,,
LIFESUPPORT_3-CORVETTE_1-BASIC,LIFESUPPORT,Life Support,CORVETTE,BASIC,8,5,238000,,,,,,,,,,,,,,,,,,,5,720,,,,,,
LIFESUPPORT_3-CORVETTE_2-AVERAGE,LIFESUPPORT,Life Support,CORVETTE,AVERAGE,8,5,238000,,,,,,,,,,,,,,,,,,,10,8760,,,,,,
LIFESUPPORT_3-CORVETTE_3-GOOD,LIFESUPPORT,Life Support,CORVETTE,GOOD,8,5,238000,,,,,,,,,,,,,,,,,,,15,16800,,,,,,
LIFESUPPORT_4-FRIGATE_1-BASIC,LIFESUPPORT,Life Support,FRIGATE,BASIC,12,8,535000,,,,,,,,,,,,,,,,,,,5,720,,,,,,
LIFESUPPORT_4-FRIGATE_2-AVERAGE,LIFESUPPORT,Life Support,FRIGATE,AVERAGE,12,8,535000,,,,,,,,,,,,,,,,,,,10,8760,,,,,,
LIFESUPPORT_4-FRIGATE_3-GOOD,LIFESUPPORT,Life Support,FRIGATE,GOOD,12,8,535000,,,,,,,,,,,,,,,,,,,15,16800,,,,,,
LIFESUPPORT_5-CRUISER_1-BASIC,LIFESUPPORT,Life Support,CRUISER,BASIC,17,11,1200000,,,,,,,,,,,,,,,,,,,5,720,,,,,,
LIFESUPPORT_5-CRUISER_2-AVERAGE,LIFESUPPORT,Life Support,CRUISER,AVERAGE,17,11,1200000,,,,,,,,,,,,,,,,,,,10,8760,,,,,,
LIFESUPPORT_5-CRUISER_3-GOOD,LIFESUPPORT,Life Support,CRUISER,GOOD,17,11,1200000,,,,,,,,,,,,,,,,,,,15,16800,,,,,,
LIFESUPPORT_6-BATTLECRUISER_1-BASIC,LIFESUPPORT,Life Support,BATTLECRUISER,BASIC,25,16,2700000,,,,,,,,,,,,,,,,,,,5,720,,,,,,
LIFESUPPORT_6-BATTLECRUISER_2-AVERAGE,LIFESUPPORT,Life Support,BATTLECRUISER,AVERAGE,25,16,2700000,,,,,,,,,,,,,,,,,,,10,8760,,,,,,
LIFESUPPORT_6-BATTLECRUISER_3-GOOD,LIFESUPPORT,Life Support,BATTLECRUISER,GOOD,25,16,2700000,,,,,,,,,,,,,,,,,,,15,16800,,,,,,
LIFESUPPORT_7-CARRIER_1-BASIC,LIFESUPPORT,Life Support,CARRIER,BASIC,37,24,6060000,,,,,,,,,,,,,,,,,,,5,720,,,,,,
LIFESUPPORT_7-CARRIER_2-AVERAGE,LIFESUPPORT,Life Support,CARRIER,AVERAGE,37,24,6060000,,,,,,,,,,,,,,,,,,,10,8760,,,,,,
LIFESUPPORT_7-CARRIER_3-GOOD,LIFESUPPORT,Life Support,CARRIER,GOOD,37,24,6060000,,,,,,,,,,,,,,,,,,,15,16800,,,,,,
LIFESUPPORT_8-NOVA_1-BASIC,LIFESUPPORT,Life Support,NOVA,BASIC,54,35,13600000,,,,,,,,,,,,,,,,,,,5,720,,,,,,
LIFESUPPORT_8-NOVA_2-AVERAGE,LIFESUPPORT,Life Support,NOVA,AVERAGE,54,35,13600000,,,,,,,,,,,,,,,,,,,10,8760,,,,,,
LIFESUPPORT_8-NOVA_3-GOOD,LIFESUPPORT,Life Support,NOVA,GOOD,54,35,13600000,,,,,,,,,,,,,,,,,,,15,16800,,,,,,
CREWSPACE_3-CORVETTE_1-BASIC,CREWSPACE,Crew Quarters,CORVETTE,BASIC,3,1,143000,,,,,,,,,,,,,,,,,,,,,,,5,,,
CREWSPACE_3-CORVETTE_2-AVERAGE,CREWSPACE,Crew Quarters,CORVETTE,AVERAGE,3,1,143000,,,,,,,,,,,,,,,,,,,,,,,10,,,
CREWSPACE_3-CORVETTE_3-GOOD,CREWSPACE,Crew Quarters,CORVETTE,GOOD,3,1,143000,,,,,,,,,,,,,,,,,,,,,,,15,,,
CREWSPACE_4-FRIGATE_1-BASIC,CREWSPACE,Crew Quarters,FRIGATE,BASIC,5,2,320000,,,,,,,,,,,,,,,,,,,,,,,5,,,
CREWSPACE_4-FRIGATE_2-AVERAGE,CREWSPACE,Crew Quarters,FRIGATE,AVERAGE,5,2,320000,,,,,,,,,,,,,,,,,,,,,,,10,,,
CREWSPACE_4-FRIGATE_3-GOOD,CREWSPACE,Crew Quarters,FRIGATE,GOOD,5,2,320000,,,,,,,,,,,,,,,,,,,,,,,15,,,
CREWSPACE_5-CRUISER_1-BASIC,CREWSPACE,Crew Quarters,CRUISER,BASIC,8,3,720000,,,,,,,,,,,,,,,,,,,,,,,5,,,
CREWSPACE_5-CRUISER_2-AVERAGE,CREWSPACE,Crew Quarters,CRUISER,AVERAGE,8,3,720000,,,,,,,,,,,,,,,,,,,,,,,10,,,
CREWSPACE_5-CRUISER_3-GOOD,CREWSPACE,Crew Quarters,CRUISER,GOOD,8,3,720000,,,,,,,,,,,,,,,,,,,,,,,15,,,
CREWSPACE_6-BATTLECRUISER_1-BASIC,CREWSPACE,Crew Quarters,BATTLECRUISER,BASIC,12,5,1620000,,,,,,,,,,,,,,,,,,,,,,,5,,,
CREWSPACE_6-BATTLECRUISER_2-AVERAGE,CREWSPACE,Crew Quarters,BATTLECRUISER,AVERAGE,12,5,1620000,,,,,,,,,,,,,,,,,,,,,,,10,,,
CREWSPACE_6-BATTLECRUISER_3-GOOD,CREWSPACE,Crew Quarters,BATTLECRUISER,GOOD,12,5,1620000,,,,,,,,,,,,,,,,,,,,,,,15,,,
CREWSPACE_7-CARRIER_1-BASIC,CREWSPACE,Crew Quarters,CARRIER,BASIC,17,7,3640000,,,,,,,,,,,,,,,,,,,,,,,5,,,
CREWSPACE_7-CARRIER_2-AVERAGE,CREWSPACE,Crew Quarters,CARRIER,AVERAGE,17,7,3640000,,,,,,,,,,,,,,,,,,,,,,,10,,,
CREWSPACE_7-CARRIER_3-GOOD,CREWSPACE,Crew Quarters,CARRIER,GOOD,17,7,3640000,,,,,,,,,,,,,,,,,,,,,,,15,,,
CREWSPACE_8-NOVA_1-BASIC,CREWSPACE,Crew Quarters,NOVA,BASIC,25,10,8180000,,,,,,,,,,,,,,,,,,,,,,,5,,,
CREWSPACE_8-NOVA_2-AVERAGE,CREWSPACE,Crew Quarters,NOVA,AVERAGE,25,10,8180000,,,,,,,,,,,,,,,,,,,,,,,10,,,
CREWSPACE_8-NOVA_3-GOOD,CREWSPACE,Crew Quarters,NOVA,GOOD,25,10,8180000,,,,,,,,,,,,,,,,,,,,,,,15,,,
CREWAUTOMATION_1-DRONE_1-BASIC,CREWAUTOMATION,Crew Automation,DRONE,BASIC,3,1,100000,,,,,,,,,,,,,,,,,,,,,,,,2,,
CREWAUTOMATION_1-DRONE_2-AVERAGE,CREWAUTOMATION,Crew Automation,DRONE,AVERAGE,3,1,100000,,,,,,,,,,,,,,,,,,,,,,,,3,,
CREWAUTOMATION_1-DRONE_3-GOOD,CREWAUTOMATION,Crew Automation,DRONE,GOOD,3,1,100000,,,,,,,,,,,,,,,,,,,,,,,,4,,
CREWAUTOMATION_2-FIGHTER_1-BASIC,CREWAUTOMATION,Crew Automation,FIGHTER,BASIC,5,2,200000,,,,,,,,,,,,,,,,,,,,,,,,2,,
CREWAUTOMATION_2-FIGHTER_2-AVERAGE,CREWAUTOMATION,Crew Automation,FIGHTER,AVERAGE,5,2,200000,,,,,,,,,,,,,,,,,,,,,,,,3,,
CREWAUTOMATION_2-FIGHTER_3-GOOD,CREWAUTOMATION,Crew Automation,FIGHTER,GOOD,5,2,200000,,,,,,,,,,,,,,,,,,,,,,,,4,,
CREWAUTOMATION_3-CORVETTE_1-BASIC,CREWAUTOMATION,Crew Automation,CORVETTE,BASIC,8,3,475000,,,,,,,,,,,,,,,,,,,,,,,,2,,
CREWAUTOMATION_3-CORVETTE_2-AVERAGE,CREWAUTOMATION,Crew Automation,CORVETTE,AVERAGE,8,3,475000,,,,,,,,,,,,,,,,,,,,,,,,3,,
CREWAUTOMATION_3-CORVETTE_3-GOOD,CREWAUTOMATION,Crew Automation,CORVETTE,GOOD,8,3,475000,,,,,,,,,,,,,,,,,,,,,,,,4,,
CREWAUTOMATION_4-FRIGATE_1-BASIC,CREWAUTOMATION,Crew Automation,FRIGATE,BASIC,12,5,1070000,,,,,,,,,,,,,,,,,,,,,,,,2,,
CREWAUTOMATION_4-FRIGATE_2-AVERAGE,CREWAUTOMATION,Crew Automation,FRIGATE,AVERAGE,12,5,1070000,,,,,,,,,,,,,,,,,,,,,,,,3,,
CREWAUTOMATION_4-FRIGATE_3-GOOD,CREWAUTOMATION,Crew Automation,FRIGATE,GOOD,12,5,1070000,,,,,,,,,,,,,,,,,,,,,,,,4,,
CREWAUTOMATION_5-CRUISER_1-BASIC,CREWAUTOMATION,Crew Automation,CRUISER,BASIC,17,7,2400000,,,,,,,,,,,,,,,,,,,,,,,,2,,
CREWAUTOMATION_5-CRUISER_2-AVERAGE,CREWAUTOMATION,Crew Automation,CRUISER,AVERAGE,17,7,2400000,,,,,,,,,,,,,,,,,,,,,,,,3,,
CREWAUTOMATION_5-CRUISER_3-GOOD,CREWAUTOMATION,Crew Automation,CRUISER,GOOD,17,7,2400000,,,,,,,,,,,,,,,,,,,,,,,,4,,
CREWAUTOMATION_6-BATTLECRUISER_1-BASIC,CREWAUTOMATION,Crew Automation,BATTLECRUISER,BASIC,25,10,5400000,,,,,,,,,,,,,,,,,,,,,,,,2,,
CREWAUTOMATION_6-BATTLECRUISER_2-AVERAGE,CREWAUTOMATION,Crew Automation,BATTLECRUISER,AVERAGE,25,10,5400000,,,,,,,,,,,,,,,,,,,,,,,,3,,
CREWAUTOMATION_6-BATTLECRUISER_3-GOOD,CREWAUTOMATION,Crew Automation,BATTLECRUISER,GOOD,25,10,5400000,,,,,,,,,,,,,,,,,,,,,,,,4,,
CREWAUTOMATION_7-CARRIER_1-BASIC,CREWAUTOMATION,Crew Automation,CARRIER,BASIC,37,15,12100000,,,,,,,,,,,,,,,,,,,,,,,,2,,
CREWAUTOMATION_7-CARRIER_2-AVERAGE,CREWAUTOMATION,Crew Automation,CARRIER,AVERAGE,37,15,12100000,,,,,,,,,,,,,,,,,,,,,,,,3,,
CREWAUTOMATION_7-CARRIER_3-GOOD,CREWAUTOMATION,Crew Automation,CARRIER,GOOD,37,15,12100000,,,,,,,,,,,,,,,,,,,,,,,,4,,
CREWAUTOMATION_8-NOVA_1-BASIC,CREWAUTOMATION,Crew Automation,NOVA,BASIC,54,22,27200000,,,,,,,,,,,,,,,,,,,,,,,,2,,
CREWAUTOMATION_8-NOVA_2-AVERAGE,CREWAUTOMATION,Crew Automation,NOVA,AVERAGE,54,22,27200000,,,,,,,,,,,,,,,,,,,,,,,,3,,
CREWAUTOMATION_8-NOVA_3-GOOD,CREWAUTOMATION,Crew Automation,NOVA,GOOD,54,22,27200000,,,,,,,,,,,,,,,,,,,,,,,,4,,
PASSENGERSSPACE_3-CORVETTE_1-BASIC,PASSENGERSSPACE,Passenger Space,CORVETTE,BASIC,4,1,190000,,,,,,,,,,,,,,,,,,,,,,,,,10,
PASSENGERSSPACE_3-CORVETTE_2-AVERAGE,PASSENGERSSPACE,Passenger Space,CORVETTE,AVERAGE,4,1,190000,,,,,,,,,,,,,,,,,,,,,,,,,20,
PASSENGERSSPACE_3-CORVETTE_3-GOOD,PASSENGERSSPACE,Passenger Space,CORVETTE,GOOD,4,1,190000,,,,,,,,,,,,,,,,,,,,,,,,,30,
PASSENGERSSPACE_4-FRIGATE_1-BASIC,PASSENGERSSPACE,Passenger Space,FRIGATE,BASIC,6,2,430000,,,,,,,,,,,,,,,,,,,,,,,,,10,
PASSENGERSSPACE_4-FRIGATE_2-AVERAGE,PASSENGERSSPACE,Passenger Space,FRIGATE,AVERAGE,6,2,430000,,,,,,,,,,,,,,,,,,,,,,,,,20,
PASSENGERSSPACE_4-FRIGATE_3-GOOD,PASSENGERSSPACE,Passenger Space,FRIGATE,GOOD,6,2,430000,,,,,,,,,,,,,,,,,,,,,,,,,30,
PASSENGERSSPACE_5-CRUISER_1-BASIC,PASSENGERSSPACE,Passenger Space,CRUISER,BASIC,10,3,960000,,,,,,,,,,,,,,,,,,,,,,,,,10,
PASSENGERSSPACE_5-CRUISER_2-AVERAGE,PASSENGERSSPACE,Passenger Space,CRUISER,AVERAGE,10,3,960000,,,,,,,,,,,,,,,,,,,,,,,,,20,
PASSENGERSSPACE_5-CRUISER_3-GOOD,PASSENGERSSPACE,Passenger Space,CRUISER,GOOD,10,3,960000,,,,,,,,,,,,,,,,,,,,,,,,,30,
PASSENGERSSPACE_6-BATTLECRUISER_1-BASIC,PASSENGERSSPACE,Passenger Space,BATTLECRUISER,BASIC,15,5,2160000,,,,,,,,,,,,,,,,,,,,,,,,,10,
PASSENGERSSPACE_6-BATTLECRUISER_2-AVERAGE,PASSENGERSSPACE,Passenger Space,BATTLECRUISER,AVERAGE,15,5,2160000,,,,,,,,,,,,,,,,,,,,,,,,,20,
PASSENGERSSPACE_6-BATTLECRUISER_3-GOOD,PASSENGERSSPACE,Passenger Space,BATTLECRUISER,GOOD,15,5,2160000,,,,,,,,,,,,,,,,,,,,,,,,,30,
PASSENGERSSPACE_7-CARRIER_1-BASIC,PASSENGERSSPACE,Passenger Space,CARRIER,BASIC,22,7,4850000,,,,,,,,,,,,,,,,,,,,,,,,,10,
PASSENGERSSPACE_7-CARRIER_2-AVERAGE,PASSENGERSSPACE,Passenger Space,CARRIER,AVERAGE,22,7,4850000,,,,,,,,,,,,,,,,,,,,,,,,,20,
PASSENGERSSPACE_7-CARRIER_3-GOOD,PASSENGERSSPACE,Passenger Space,CARRIER,GOOD,22,7,4850000,,,,,,,,,,,,,,,,,,,,,,,,,30,
PASSENGERSSPACE_8-NOVA_1-BASIC,PASSENGERSSPACE,Passenger Space,NOVA,BASIC,32,10,10900000,,,,,,,,,,,,,,,,,,,,,,,,,10,
PASSENGERSSPACE_8-NOVA_2-AVERAGE,PASSENGERSSPACE,Passenger Space,NOVA,AVERAGE,32,10,10900000,,,,,,,,,,,,,,,,,,,,,,,,,20,
PASSENGERSSPACE_8-NOVA_3-GOOD,PASSENGERSSPACE,Passenger Space,NOVA,GOOD,32,10,10900000,,,,,,,,,,,,,,,,,,,,,,,,,30,
CARGOSPACE_1-DRONE_1-BASIC,CARGOSPACE,Cargo Space,DRONE,BASIC,2,1,20000,,,,,,,,,,,,,,,,,,,,,,,,,,1
CARGOSPACE_1-DRONE_2-AVERAGE,CARGOSPACE,Cargo Space,DRONE,AVERAGE,2,1,20000,,,,,,,,,,,,,,,,,,,,,,,,,,1
CARGOSPACE_1-DRONE_3-GOOD,CARGOSPACE,Cargo Space,DRONE,GOOD,2,1,20000,,,,,,,,,,,,,,,,,,,,,,,,,,1
CARGOSPACE_2-FIGHTER_1-BASIC,CARGOSPACE,Cargo Space,FIGHTER,BASIC,3,2,40000,,,,,,,,,,,,,,,,,,,,,,,,,,1
CARGOSPACE_2-FIGHTER_2-AVERAGE,CARGOSPACE,Cargo Space,FIGHTER,AVERAGE,3,2,40000,,,,,,,,,,,,,,,,,,,,,,,,,,1
CARGOSPACE_2-FIGHTER_3-GOOD,CARGOSPACE,Cargo Space,FIGHTER,GOOD,3,2,40000,,,,,,,,,,,,,,,,,,,,,,,,,,1
CARGOSPACE_3-CORVETTE_1-BASIC,CARGOSPACE,Cargo Space,CORVETTE,BASIC,5,3,95000,,,,,,,,,,,,,,,,,,,,,,,,,,1
CARGOSPACE_3-CORVETTE_2-AVERAGE,CARGOSPACE,Cargo Space,CORVETTE,AVERAGE,5,3,95000,,,,,,,,,,,,,,,,,,,,,,,,,,1
CARGOSPACE_3-CORVETTE_3-GOOD,CARGOSPACE,Cargo Space,CORVETTE,GOOD,5,3,95000,,,,,,,,,,,,,,,,,,,,,,,,,,1
CARGOSPACE_4-FRIGATE_1-BASIC,CARGOSPACE,Cargo Space,FRIGATE,BASIC,8,5,214000,,,,,,,,,,,,,,,,,,,,,,,,,,1
CARGOSPACE_4-FRIGATE_2-AVERAGE,CARGOSPACE,Cargo Space,FRIGATE,AVERAGE,8,5,214000,,,,,,,,,,,,,,,,,,,,,,,,,,1
CARGOSPACE_4-FRIGATE_3-GOOD,CARGOSPACE,Cargo Space,FRIGATE,GOOD,8,5,214000,,,,,,,,,,,,,,,,,,,,,,,,,,1
CARGOSPACE_5-CRUISER_1-BASIC,CARGOSPACE,Cargo Space,CRUISER,BASIC,11,7,480000,,,,,,,,,,,,,,,,,,,,,,,,,,1
CARGOSPACE_5-CRUISER_2-AVERAGE,CARGOSPACE,Cargo Space,CRUISER,AVERAGE,11,7,480000,,,,,,,,,,,,,,,,,,,,,,,,,,1
CARGOSPACE_5-CRUISER_3-GOOD,CARGOSPACE,Cargo Space,CRUISER,GOOD,11,7,480000,,,,,,,,,,,,,,,,,,,,,,,,,,1
CARGOSPACE_6-BATTLECRUISER_1-BASIC,CARGOSPACE,Cargo Space,BATTLECRUISER,BASIC,16,10,1080000,,,,,,,,,,,,,,,,,,,,,,,,,,1
CARGOSPACE_6-BATTLECRUISER_2-AVERAGE,CARGOSPACE,Cargo Space,BATTLECRUISER,AVERAGE,16,10,1080000,,,,,,,,,,,,,,,,,,,,,,,,,,1
CARGOSPACE_6-BATTLECRUISER_3-GOOD,CARGOSPACE,Cargo Space,BATTLECRUISER,GOOD,16,10,1080000,,,,,,,,,,,,,,,,,,,,,,,,,,1
CARGOSPACE_7-CARRIER_1-BASIC,CARGOSPACE,Cargo Space,CARRIER,BASIC,24,15,2430000,,,,,,,,,,,,,,,,,,,,,,,,,,1
CARGOSPACE_7-CARRIER_2-AVERAGE,CARGOSPACE,Cargo Space,CARRIER,AVERAGE,24,15,2430000,,,,,,,,,,,,,,,,,,,,,,,,,,1
CARGOSPACE_7-CARRIER_3-GOOD,CARGOSPACE,Cargo Space,CARRIER,GOOD,24,15,2430000,,,,,,,,,,,,,,,,,,,,,,,,,,1
CARGOSPACE_8-NOVA_1-BASIC,CARGOSPACE,Cargo Space,NOVA,BASIC,35,22,5460000,,,,,,,,,,,,,,,,,,,,,,,,,,1
CARGOSPACE_8-NOVA_2-AVERAGE,CARGOSPACE,Cargo Space,NOVA,AVERAGE,35,22,5460000,,,,,,,,,,,,,,,,,,,,,,,,,,1
CARGOSPACE_8-NOVA_3-GOOD,CARGOSPACE,Cargo Space,NOVA,GOOD,35,22,5460000,,,,,,,,,,,,,,,,,,,,,,,,,,1
MEDBAY_3-CORVETTE_1-BASIC,MEDBAY,Med Bay,CORVETTE,BASIC,8,5,238000,,,,,,,,,,,,,,,,,,,,,,,,,,
MEDBAY_3-CORVETTE_2-AVERAGE,MEDBAY,Med Bay,CORVETTE,AVERAGE,8,5,238000,,,,,,,,,,,,,,,,,,,,,,,,,,
MEDBAY_3-CORVETTE_3-GOOD,MEDBAY,Med Bay,CORVETTE,GOOD,8,5,238000,,,,,,,,,,,,,,,,,,,,,,,,,,
MEDBAY_4-FRIGATE_1-BASIC,MEDBAY,Med Bay,FRIGATE,BASIC,12,8,535000,,,,,,,,,,,,,,,,,,,,,,,,,,
MEDBAY_4-FRIGATE_2-AVERAGE,MEDBAY,Med Bay,FRIGATE,AVERAGE,12,8,535000,,,,,,,,,,,,,,,,,,,,,,,,,,
MEDBAY_4-FRIGATE_3-GOOD,MEDBAY,Med Bay,FRIGATE,GOOD,12,8,535000,,,,,,,,,,,,,,,,,,,,,,,,,,
MEDBAY_5-CRUISER_1-BASIC,MEDBAY,Med Bay,CRUISER,BASIC,17,11,1200000,,,,,,,,,,,,,,,,,,,,,,,,,,
MEDBAY_5-CRUISER_2-AVERAGE,MEDBAY,Med Bay,CRUISER,AVERAGE,17,11,1200000,,,,,,,,,,,,,,,,,,,,,,,,,,
MEDBAY_5-CRUISER_3-GOOD,MEDBAY,Med Bay,CRUISER,GOOD,17,11,1200000,,,,,,,,,,,,,,,,,,,,,,,,,,
MEDBAY_6-BATTLECRUISER_1-BASIC,MEDBAY,Med Bay,BATTLECRUISER,BASIC,25,16,2700000,,,,,,,,,,,,,,,,,,,,,,,,,,
MEDBAY_6-BATTLECRUISER_2-AVERAGE,MEDBAY,Med Bay,BATTLECRUISER,AVERAGE,25,16,2700000,,,,,,,,,,,,,,,,,,,,,,,,,,
MEDBAY_6-BATTLECRUISER_3-GOOD,MEDBAY,Med Bay,BATTLECRUISER,GOOD,25,16,2700000,,,,,,,,,,,,,,,,,,,,,,,,,,
MEDBAY_7-CARRIER_1-BASIC,MEDBAY,Med Bay,CARRIER,BASIC,37,24,6060000,,,,,,,,,,,,,,,,,,,,,,,,,,
MEDBAY_7-CARRIER_2-AVERAGE,MEDBAY,Med Bay,CARRIER,AVERAGE,37,24,6060000,,,,,,,,,,,,,,,,,,,,,,,,,,
MEDBAY_7-CARRIER_3-GOOD,MEDBAY,Med Bay,CARRIER,GOOD,37,24,6060000,,,,,,,,,,,,,,,,,,,,,,,,,,
MEDBAY_8-NOVA_1-BASIC,MEDBAY,Med Bay,NOVA,BASIC,54,35,13600000,,,,,,,,,,,,,,,,,,,,,,,,,,
MEDBAY_8-NOVA_2-AVERAGE,MEDBAY,Med Bay,NOVA,AVERAGE,54,35,13600000,,,,,,,,,,,,,,,,,,,,,,,,,,
MEDBAY_8-NOVA_3-GOOD,MEDBAY,Med Bay,NOVA,GOOD,54,35,13600000,,,,,,,,,,,,,,,,,,,,,,,,,,
ESCAPEPOD_1-DRONE_1-BASIC,ESCAPEPOD,Escape Pod,DRONE,BASIC,2,0,20000,,,,,,,,,,,,,,,,,,,,,,,,,,
ESCAPEPOD_1-DRONE_2-AVERAGE,ESCAPEPOD,Escape Pod,DRONE,AVERAGE,2,0,20000,,,,,,,,,,,,,,,,,,,,,,,,,,
ESCAPEPOD_1-DRONE_3-GOOD,ESCAPEPOD,Escape Pod,DRONE,GOOD,2,0,20000,,,,,,,,,,,,,,,,,,,,,,,,,,
ESCAPEPOD_2-FIGHTER_1-BASIC,ESCAPEPOD,Escape Pod,FIGHTER,BASIC,3,0,40000,,,,,,,,,,,,,,,,,,,,,,,,,,
ESCAPEPOD_2-FIGHTER_2-AVERAGE,ESCAPEPOD,Escape Pod,FIGHTER,AVERAGE,3,0,40000,,,,,,,,,,,,,,,,,,,,,,,,,,
ESCAPEPOD_2-FIGHTER_3-GOOD,ESCAPEPOD,Escape Pod,FIGHTER,GOOD,3,0,40000,,,,,,,,,,,,,,,,,,,,,,,,,,
ESCAPEPOD_3-CORVETTE_1-BASIC,ESCAPEPOD,Escape Pod,CORVETTE,BASIC,5,0,95000,,,,,,,,,,,,,,,,,,,,,,,,,,
ESCAPEPOD_3-CORVETTE_2-AVERAGE,ESCAPEPOD,Escape Pod,CORVETTE,AVERAGE,5,0,95000,,,,,,,,,,,,,,,,,,,,,,,,,,
ESCAPEPOD_3-CORVETTE_3-GOOD,ESCAPEPOD,Escape Pod,CORVETTE,GOOD,5,0,95000,,,,,,,,,,,,,,,,,,,,,,,,,,
ESCAPEPOD_4-FRIGATE_1-BASIC,ESCAPEPOD,Escape Pod,FRIGATE,BASIC,8,0,214000,,,,,,,,,,,,,,,,,,,,,,,,,,
ESCAPEPOD_4-FRIGATE_2-AVERAGE,ESCAPEPOD,Escape Pod,FRIGATE,AVERAGE,8,0,214000,,,,,,,,,,,,,,,,,,,,,,,,,,
ESCAPEPOD_4-FRIGATE_3-GOOD,ESCAPEPOD,Escape Pod,FRIGATE,GOOD,8,0,214000,,,,,,,,,,,,,,,,,,,,,,,,,,
ESCAPEPOD_5-CRUISER_1-BASIC,ESCAPEPOD,Escape Pod,CRUISER,BASIC,11,0,480000,,,,,,,,,,,,,,,,,,,,,,,,,,
ESCAPEPOD_5-CRUISER_2-AVERAGE,ESCAPEPOD,Escape Pod,CRUISER,AVERAGE,11,0,480000,,,,,,,,,,,,,,,,,,,,,,,,,,
ESCAPEPOD_5-CRUISER_3-GOOD,ESCAPEPOD,Escape Pod,CRUISER,GOOD,11,0,480000,,,,,,,,,,,,,,,,,,,,,,,,,,
ESCAPEPOD_6-BATTLECRUISER_1-BASIC,ESCAPEPOD,Escape Pod,BATTLECRUISER,BASIC,16,0,1080000,,,,,,,,,,,,,,,,,,,,,,,,,,
ESCAPEPOD_6-BATTLECRUISER_2-AVERAGE,ESCAPEPOD,Escape Pod,BATTLECRUISER,AVERAGE,16,0,1080000,,,,,,,,,,,,,,,,,,,,,,,,,,
ESCAPEPOD_6-BATTLECRUISER_3-GOOD,ESCAPEPOD,Escape Pod,BATTLECRUISER,GOOD,16,0,1080000,,,,,,,,,,,,,,,,,,,,,,,,,,
ESCAPEPOD_7-CARRIER_1-BASIC,ESCAPEPOD,Escape Pod,CARRIER,BASIC,24,0,2430000,,,,,,,,,,,,,,,,,,,,,,,,,,
ESCAPEPOD_7-CARRIER_2-AVERAGE,ESCAPEPOD,Escape Pod,CARRIER,AVERAGE,24,0,2430000,,,,,,,,,,,,,,,,,,,,,,,,,,
ESCAPEPOD_7-CARRIER_3-GOOD,ESCAPEPOD,Escape Pod,CARRIER,GOOD,24,0,2430000,,,,,,,,,,,,,,,,,,,,,,,,,,
ESCAPEPOD_8-NOVA_1-BASIC,ESCAPEPOD,Escape Pod,NOVA,BASIC,35,0,5460000,,,,,,,,,,,,,,,,,,,,,,,,,,
ESCAPEPOD_8-NOVA_2-AVERAGE,ESCAPEPOD,Escape Pod,NOVA,AVERAGE,35,0,5460000,,,,,,,,,,,,,,,,,,,,,,,,,,
ESCAPEPOD_8-NOVA_3-GOOD,ESCAPEPOD,Escape Pod,NOVA,GOOD,35,0,5460000,,,,,,,,,,,,,,,,,,,,,,,,,,
LANDING_2-FIGHTER_1-BASIC,LANDING,Landing System,FIGHTER,BASIC,5,0,80000,,,,,,,,,,,,,,,,,2,,,,,,,,,
LANDING_2-FIGHTER_2-AVERAGE,LANDING,Landing System,FIGHTER,AVERAGE,5,0,80000,,,,,,,,,,,,,,,,,3,,,,,,,,,
LANDING_2-FIGHTER_3-GOOD,LANDING,Landing System,FIGHTER,GOOD,5,0,80000,,,,,,,,,,,,,,,,,4,,,,,,,,,
LANDING_3-CORVETTE_1-BASIC,LANDING,Landing System,CORVETTE,BASIC,8,0,190000,,,,,,,,,,,,,,,,,2,,,,,,,,,
LANDING_3-CORVETTE_2-AVERAGE,LANDING,Landing System,CORVETTE,AVERAGE,8,0,190000,,,,,,,,,,,,,,,,,3,,,,,,,,,
LANDING_3-CORVETTE_3-GOOD,LANDING,Landing System,CORVETTE,GOOD,8,0,190000,,,,,,,,,,,,,,,,,4,,,,,,,,,
LANDING_4-FRIGATE_1-BASIC,LANDING,Landing System,FRIGATE,BASIC,12,0,430000,,,,,,,,,,,,,,,,,2,,,,,,,,,
LANDING_4-FRIGATE_2-AVERAGE,LANDING,Landing System,FRIGATE,AVERAGE,12,0,430000,,,,,,,,,,,,,,,,,3,,,,,,,,,
LANDING_4-FRIGATE_3-GOOD,LANDING,Landing System,FRIGATE,GOOD,12,0,430000,,,,,,,,,,,,,,,,,4,,,,,,,,,
LANDING_5-CRUISER_1-BASIC,LANDING,Landing System,CRUISER,BASIC,17,0,960000,,,,,,,,,,,,,,,,,2,,,,,,,,,
LANDING_5-CRUISER_2-AVERAGE,LANDING,Landing System,CRUISER,AVERAGE,17,0,960000,,,,,,,,,,,,,,,,,3,,,,,,,,,
LANDING_5-CRUISER_3-GOOD,LANDING,Landing System,CRUISER,GOOD,17,0,960000,,,,,,,,,,,,,,,,,4,,,,,,,,,
ATMOSPHERIC_2-FIGHTER_1-BASIC,ATMOSPHERIC,Atmospheric Package,FIGHTER,BASIC,8,0,160000,,,,,,,,,,,,,,,,,4,,,,,,,,,
ATMOSPHERIC_2-FIGHTER_2-AVERAGE,ATMOSPHERIC,Atmospheric Package,FIGHTER,AVERAGE,8,0,160000,,,,,,,,,,,,,,,,,6,,,,,,,,,
ATMOSPHERIC_2-FIGHTER_3-GOOD,ATMOSPHERIC,Atmospheric Package,FIGHTER,GOOD,8,0,160000,,,,,,,,,,,,,,,,,8,,,,,,,,,
ATMOSPHERIC_3-CORVETTE_1-BASIC,ATMOSPHERIC,Atmospheric Package,CORVETTE,BASIC,13,0,380000,,,,,,,,,,,,,,,,,4,,,,,,,,,
ATMOSPHERIC_3-CORVETTE_2-AVERAGE,ATMOSPHERIC,Atmospheric Package,CORVETTE,AVERAGE,13,0,380000,,,,,,,,,,,,,,,,,6,,,,,,,,,
ATMOSPHERIC_3-CORVETTE_3-GOOD,ATMOSPHERIC,Atmospheric Package,CORVETTE,GOOD,13,0,380000,,,,,,,,,,,,,,,,,8,,,,,,,,,
ATMOSPHERIC_4-FRIGATE_1-BASIC,ATMOSPHERIC,Atmospheric Package,FRIGATE,BASIC,20,0,850000,,,,,,,,,,,,,,,,,4,,,,,,,,,
ATMOSPHERIC_4-FRIGATE_2-AVERAGE,ATMOSPHERIC,Atmospheric Package,FRIGATE,AVERAGE,20,0,850000,,,,,,,,,,,,,,,,,6,,,,,,,,,
ATMOSPHERIC_4-FRIGATE_3-GOOD,ATMOSPHERIC,Atmospheric Package,FRIGATE,GOOD,20,0,850000,,,,,,,,,,,,,,,,,8,,,,,,,,,
ATMOSPHERIC_5-CRUISER_1-BASIC,ATMOSPHERIC,Atmospheric Package,CRUISER,BASIC,30,0,1900000,,,,,,,,,,,,,,,,,4,,,,,,,,,
ATMOSPHERIC_5-CRUISER_2-AVERAGE,ATMOSPHERIC,Atmospheric Package,CRUISER,AVERAGE,30,0,1900000,,,,,,,,,,,,,,,,,6,,,,,,,,,
ATMOSPHERIC_5-CRUISER_3-GOOD,ATMOSPHERIC,Atmospheric Package,CRUISER,GOOD,30,0,1900000,,,,,,,,,,,,,,,,,8,,,,,,,,,
BAY_FIGHTER_3-CORVETTE_1-BASIC,BAY_FIGHTER,Fighter Bay,CORVETTE,BASIC,15,2,715000,,,,,,,,,,,,,,,,,,,,,,,,,,
BAY_FIGHTER_3-CORVETTE_2-AVERAGE,BAY_FIGHTER,Fighter Bay,CORVETTE,AVERAGE,15,2,715000,,,,,,,,,,,,,,,,,,,,,,,,,,
BAY_FIGHTER_3-CORVETTE_3-GOOD,BAY_FIGHTER,Fighter Bay,CORVETTE,GOOD,15,2,715000,,,,,,,,,,,,,,,,,,,,,,,,,,
BAY_FIGHTER_4-FRIGATE_1-BASIC,BAY_FIGHTER,Fighter Bay,FRIGATE,BASIC,22,3,1600000,,,,,,,,,,,,,,,,,,,,,,,,,,
BAY_FIGHTER_4-FRIGATE_2-AVERAGE,BAY_FIGHTER,Fighter Bay,FRIGATE,AVERAGE,22,3,1600000,,,,,,,,,,,,,,,,,,,,,,,,,,
BAY_FIGHTER_4-FRIGATE_3-GOOD,BAY_FIGHTER,Fighter Bay,FRIGATE,GOOD,22,3,1600000,,,,,,,,,,,,,,,,,,,,,,,,,,
BAY_FIGHTER_5-CRUISER_1-BASIC,BAY_FIGHTER,Fighter Bay,CRUISER,BASIC,32,5,3600000,,,,,,,,,,,,,,,,,,,,,,,,,,
BAY_FIGHTER_5-CRUISER_2-AVERAGE,BAY_FIGHTER,Fighter Bay,CRUISER,AVERAGE,32,5,3600000,,,,,,,,,,,,,,,,,,,,,,,,,,
BAY_FIGHTER_5-CRUISER_3-GOOD,BAY_FIGHTER,Fighter Bay,CRUISER,GOOD,32,5,3600000,,,,,,,,,,,,,,,,,,,,,,,,,,
BAY_FIGHTER_6-BATTLECRUISER_1-BASIC,BAY_FIGHTER,Fighter Bay,BATTLECRUISER,BASIC,47,8,8100000,,,,,,,,,,,,,,,,,,,,,,,,,,
BAY_FIGHTER_6-BATTLECRUISER_2-AVERAGE,BAY_FIGHTER,Fighter Bay,BATTLECRUISER,AVERAGE,47,8,8100000,,,,,,,,,,,,,,,,,,,,,,,,,,
BAY_FIGHTER_6-BATTLECRUISER_3-GOOD,BAY_FIGHTER,Fighter Bay,BATTLECRUISER,GOOD,47,8,8100000,,,,,,,,,,,,,,,,,,,,,,,,,,
BAY_FIGHTER_7-CARRIER_1-BASIC,BAY_FIGHTER,Fighter Bay,CARRIER,BASIC,69,11,18200000,,,,,,,,,,,,,,,,,,,,,,,,,,
BAY_FIGHTER_7-CARRIER_2-AVERAGE,BAY_FIGHTER,Fighter Bay,CARRIER,AVERAGE,69,11,18200000,,,,,,,,,,,,,,,,,,,,,,,,,,
BAY_FIGHTER_7-CARRIER_3-GOOD,BAY_FIGHTER,Fighter Bay,CARRIER,GOOD,69,11,18200000,,,,,,,,,,,,,,,,,,,,,,,,,,
BAY_FIGHTER_8-NOVA_1-BASIC,BAY_FIGHTER,Fighter Bay,NOVA,BASIC,100,16,40900000,,,,,,,,,,,,,,,,,,,,,,,,,,
BAY_FIGHTER_8-NOVA_2-AVERAGE,BAY_FIGHTER,Fighter Bay,NOVA,AVERAGE,100,16,40900000,,,,,,,,,,,,,,,,,,,,,,,,,,
BAY_FIGHTER_8-NOVA_3-GOOD,BAY_FIGHTER,Fighter Bay,NOVA,GOOD,100,16,40900000,,,,,,,,,,,,,,,,,,,,,,,,,,
BAY_CORVETTE_4-FRIGATE_1-BASIC,BAY_CORVETTE,Corvette Bay,FRIGATE,BASIC,30,3,3200000,,,,,,,,,,,,,,,,,,,,,,,,,,
BAY_CORVETTE_4-FRIGATE_2-AVERAGE,BAY_CORVETTE,Corvette Bay,FRIGATE,AVERAGE,30,3,3200000,,,,,,,,,,,,,,,,,,,,,,,,,,
BAY_CORVETTE_4-FRIGATE_3-GOOD,BAY_CORVETTE,Corvette Bay,FRIGATE,GOOD,30,3,3200000,,,,,,,,,,,,,,,,,,,,,,,,,,
BAY_CORVETTE_5-CRUISER_1-BASIC,BAY_CORVETTE,Corvette Bay,CRUISER,BASIC,44,5,7200000,,,,,,,,,,,,,,,,,,,,,,,,,,
BAY_CORVETTE_5-CRUISER_2-AVERAGE,BAY_CORVETTE,Corvette Bay,CRUISER,AVERAGE,44,5,7200000,,,,,,,,,,,,,,,,,,,,,,,,,,
BAY_CORVETTE_5-CRUISER_3-GOOD,BAY_CORVETTE,Corvette Bay,CRUISER,GOOD,44,5,7200000,,,,,,,,,,,,,,,,,,,,,,,,,,
BAY_CORVETTE_6-BATTLECRUISER_1-BASIC,BAY_CORVETTE,Corvette Bay,BATTLECRUISER,BASIC,65,8,16200000,,,,,,,,,,,,,,,,,,,,,,,,,,
BAY_CORVETTE_6-BATTLECRUISER_2-AVERAGE,BAY_CORVETTE,Corvette Bay,BATTLECRUISER,AVERAGE,65,8,16200000,,,,,,,,,,,,,,,,,,,,,,,,,,
BAY_CORVETTE_6-BATTLECRUISER_3-GOOD,BAY_CORVETTE,Corvette Bay,BATTLECRUISER,GOOD,65,8,16200000,,,,,,,,,,,,,,,,,,,,,,,,,,
BAY_CORVETTE_7-CARRIER_1-BASIC,BAY_CORVETTE,Corvette Bay,CARRIER,BASIC,95,11,36400000,,,,,,,,,,,,,,,,,,,,,,,,,,
BAY_CORVETTE_7-CARRIER_2-AVERAGE,BAY_CORVETTE,Corvette Bay,CARRIER,AVERAGE,95,11,36400000,,,,,,,,,,,,,,,,,,,,,,,,,,
BAY_CORVETTE_7-CARRIER_3-GOOD,BAY_CORVETTE,Corvette Bay,CARRIER,GOOD,95,11,36400000,,,,,,,,,,,,,,,,,,,,,,,,,,
BAY_CORVETTE_8-NOVA_1-BASIC,BAY_CORVETTE,Corvette Bay,NOVA,BASIC,140,16,81800000,,,,,,,,,,,,,,,,,,,,,,,,,,
BAY_CORVETTE_8-NOVA_2-AVERAGE,BAY_CORVETTE,Corvette Bay,NOVA,AVERAGE,140,16,81800000,,,,,,,,,,,,,,,,,,,,,,,,,,
BAY_CORVETTE_8-NOVA_3-GOOD,BAY_CORVETTE,Corvette Bay,NOVA,GOOD,140,16,81800000,,,,,,,,,,,,,,,,,,,,,,,,,,
BAY_DRONE_1-DRONE_1-BASIC,BAY_DRONE,Drone Bay,DRONE,BASIC,4,1,100000,,,,,,,,,,,,,,,,,,,,,,,,,,
BAY_DRONE_1-DRONE_2-AVERAGE,BAY_DRONE,Drone Bay,DRONE,AVERAGE,4,1,100000,,,,,,,,,,,,,,,,,,,,,,,,,,
BAY_DRONE_1-DRONE_3-GOOD,BAY_DRONE,Drone Bay,DRONE,GOOD,4,1,100000,,,,,,,,,,,,,,,,,,,,,,,,,,
BAY_DRONE_2-FIGHTER_1-BASIC,BAY_DRONE,Drone Bay,FIGHTER,BASIC,6,2,200000,,,,,,,,,,,,,,,,,,,,,,,,,,
BAY_DRONE_2-FIGHTER_2-AVERAGE,BAY_DRONE,Drone Bay,FIGHTER,AVERAGE,6,2,200000,,,,,,,,,,,,,,,,,,,,,,,,,,
BAY_DRONE_2-FIGHTER_3-GOOD,BAY_DRONE,Drone Bay,FIGHTER,GOOD,6,2,200000,,,,,,,,,,,,,,,,,,,,,,,,,,
BAY_DRONE_3-CORVETTE_1-BASIC,BAY_DRONE,Drone Bay,CORVETTE,BASIC,10,3,475000,,,,,,,,,,,,,,,,,,,,,,,,,,
BAY_DRONE_3-CORVETTE_2-AVERAGE,BAY_DRONE,Drone Bay,CORVETTE,AVERAGE,10,3,475000,,,,,,,,,,,,,,,,,,,,,,,,,,
BAY_DRONE_3-CORVETTE_3-GOOD,BAY_DRONE,Drone Bay,CORVETTE,GOOD,10,3,475000,,,,,,,,,,,,,,,,,,,,,,,,,,
BAY_DRONE_4-FRIGATE_1-BASIC,BAY_DRONE,Drone Bay,FRIGATE,BASIC,15,5,1070000,,,,,,,,,,,,,,,,,,,,,,,,,,
BAY_DRONE_4-FRIGATE_2-AVERAGE,BAY_DRONE,Drone Bay,FRIGATE,AVERAGE,15,5,1070000,,,,,,,,,,,,,,,,,,,,,,,,,,
BAY_DRONE_4-FRIGATE_3-GOOD,BAY_DRONE,Drone Bay,FRIGATE,GOOD,15,5,1070000,,,,,,,,,,,,,,,,,,,,,,,,,,
BAY_DRONE_5-CRUISER_1-BASIC,BAY_DRONE,Drone Bay,CRUISER,BASIC,22,7,2400000,,,,,,,,,,,,,,,,,,,,,,,,,,
BAY_DRONE_5-CRUISER_2-AVERAGE,BAY_DRONE,Drone Bay,CRUISER,AVERAGE,22,7,2400000,,,,,,,,,,,,,,,,,,,,,,,,,,
BAY_DRONE_5-CRUISER_3-GOOD,BAY_DRONE,Drone Bay,CRUISER,GOOD,22,7,2400000,,,,,,,,,,,,,,,,,,,,,,,,,,
BAY_DRONE_6-BATTLECRUISER_1-BASIC,BAY_DRONE,Drone Bay,BATTLECRUISER,BASIC,32,10,5400000,,,,,,,,,,,,,,,,,,,,,,,,,,
BAY_DRONE_6-BATTLECRUISER_2-AVERAGE,BAY_DRONE,Drone Bay,BATTLECRUISER,AVERAGE,32,10,5400000,,,,,,,,,,,,,,,,,,,,,,,,,,
BAY_DRONE_6-BATTLECRUISER_3-GOOD,BAY_DRONE,Drone Bay,BATTLECRUISER,GOOD,32,10,5400000,,,,,,,,,,,,,,,,,,,,,,,,,,
BAY_DRONE_7-CARRIER_1-BASIC,BAY_DRONE,Drone Bay,CARRIER,BASIC,47,15,12100000,,,,,,,,,,,,,,,,,,,,,,,,,,
BAY_DRONE_7-CARRIER_2-AVERAGE,BAY_DRONE,Drone Bay,CARRIER,AVERAGE,47,15,12100000,,,,,,,,,,,,,,,,,,,,,,,,,,
BAY_DRONE_7-CARRIER_3-GOOD,BAY_DRONE,Drone Bay,CARRIER,GOOD,47,15,12100000,,,,,,,,,,,,,,,,,,,,,,,,,,
BAY_DRONE_8-NOVA_1-BASIC,BAY_DRONE,Drone Bay,NOVA,BASIC,69,22,27200000,,,,,,,,,,,,,,,,,,,,,,,,,,
BAY_DRONE_8-NOVA_2-AVERAGE,BAY_DRONE,Drone Bay,NOVA,AVERAGE,69,22,27200000,,,,,,,,,,,,,,,,,,,,,,,,,,
BAY_DRONE_8-NOVA_3-GOOD,BAY_DRONE,Drone Bay,NOVA,GOOD,69,22,27200000,,,,,,,,,,,,,,,,,,,,,,,,,,
COCKPIT_1-DRONE_1-BASIC,COCKPIT,Cockpit,DRONE,BASIC,3,1,30000,,1,,,,,,,,,,,,,,,,,,,,,,,,
COCKPIT_1-DRONE_2-AVERAGE,COCKPIT,Cockpit,DRONE,AVERAGE,3,1,30000,,1,,,,,,,,,,,,,,,,,,,,,,,,
COCKPIT_1-DRONE_3-GOOD,COCKPIT,Cockpit,DRONE,GOOD,3,1,30000,,1,,,,,,,,,,,,,,,,,,,,,,,,
COCKPIT_2-FIGHTER_1-BASIC,COCKPIT,Cockpit,FIGHTER,BASIC,5,2,60000,,1,,,,,,,,,,,,,,,,,,,,,,,,
COCKPIT_2-FIGHTER_2-AVERAGE,COCKPIT,Cockpit,FIGHTER,AVERAGE,5,2,60000,,1,,,,,,,,,,,,,,,,,,,,,,,,
COCKPIT_2-FIGHTER_3-GOOD,COCKPIT,Cockpit,FIGHTER,GOOD,5,2,60000,,1,,,,,,,,,,,,,,,,,,,,,,,,
